"id", "task", "freq", "cue", "rt"
1 , "SRT" , "8-5-2" , "valid", 4.0
1 , "SRT" , "8-5-2" , "neutral", 7.0
1 , "SRT" , "8-5-2" , "invalid", 4.5
2 , "SRT" , "8-5-2" , "valid", 5.5
2 , "SRT" , "8-5-2" , "neutral", 5.75
2 , "SRT" , "8-5-2" , "invalid", 6.0
3 , "SRT" , "8-5-2" , "valid", 1.0
3 , "SRT" , "8-5-2" , "neutral", 6.0
3 , "SRT" , "8-5-2" , "invalid", 1.75
4 , "SRT" , "8-5-2" , "valid", 3.5
4 , "SRT" , "8-5-2" , "neutral", 4.0
4 , "SRT" , "8-5-2" , "invalid", 4.5
5 , "SRT" , "8-5-2" , "valid", 4.0
5 , "SRT" , "8-5-2" , "neutral", 5.5
5 , "SRT" , "8-5-2" , "invalid", 4.0
6 , "SRT" , "8-5-2" , "valid", 2.5
6 , "SRT" , "8-5-2" , "neutral", 2.75
6 , "SRT" , "8-5-2" , "invalid", 3.5
7 , "SRT" , "8-5-2" , "valid", 2.5
7 , "SRT" , "8-5-2" , "neutral", 2.5
7 , "SRT" , "8-5-2" , "invalid", 3.0
8 , "SRT" , "8-5-2" , "valid", 2.5
8 , "SRT" , "8-5-2" , "neutral", 4.0
8 , "SRT" , "8-5-2" , "invalid", 2.5
9 , "SRT" , "8-5-2" , "valid", 1.75
9 , "SRT" , "8-5-2" , "neutral", 1.5
9 , "SRT" , "8-5-2" , "invalid", 1.5
10 , "SRT" , "8-5-2" , "valid", 4.5
10 , "SRT" , "8-5-2" , "neutral", 5.5
10 , "SRT" , "8-5-2" , "invalid", 4.5
11 , "SRT" , "8-5-2" , "valid", 3.0
11 , "SRT" , "8-5-2" , "neutral", 2.0
11 , "SRT" , "8-5-2" , "invalid", 3.0
12 , "SRT" , "8-5-2" , "valid", 2.0
12 , "SRT" , "8-5-2" , "neutral", 2.0
12 , "SRT" , "8-5-2" , "invalid", 2.0
13 , "SRT" , "8-5-2" , "valid", 4.5
13 , "SRT" , "8-5-2" , "neutral", 3.0
13 , "SRT" , "8-5-2" , "invalid", 5.0
14 , "SRT" , "8-5-2" , "valid", 6.5
14 , "SRT" , "8-5-2" , "neutral", 9.0
14 , "SRT" , "8-5-2" , "invalid", 12.5
15 , "SRT" , "8-5-2" , "valid", 3.0
15 , "SRT" , "8-5-2" , "neutral", 4.0
15 , "SRT" , "8-5-2" , "invalid", 3.5
16 , "SRT" , "8-5-2" , "valid", 2.0
16 , "SRT" , "8-5-2" , "neutral", 1.5
16 , "SRT" , "8-5-2" , "invalid", 2.5
17 , "SRT" , "8-5-2" , "valid", 3.5
17 , "SRT" , "8-5-2" , "neutral", 3.5
17 , "SRT" , "8-5-2" , "invalid", 3.5
18 , "SRT" , "8-5-2" , "valid", 2.0
18 , "SRT" , "8-5-2" , "neutral", 2.0
18 , "SRT" , "8-5-2" , "invalid", 2.0
19 , "SRT" , "8-5-2" , "valid", 1.5
19 , "SRT" , "8-5-2" , "neutral", 1.0
19 , "SRT" , "8-5-2" , "invalid", 1.5
20 , "SRT" , "8-5-2" , "valid", 2.5
20 , "SRT" , "8-5-2" , "neutral", 2.5
20 , "SRT" , "8-5-2" , "invalid", 3.0
21 , "SRT" , "8-5-2" , "valid", 10.75
21 , "SRT" , "8-5-2" , "neutral", 8.0
21 , "SRT" , "8-5-2" , "invalid", 5.0
22 , "SRT" , "8-5-2" , "valid", 4.25
22 , "SRT" , "8-5-2" , "neutral", 3.0
22 , "SRT" , "8-5-2" , "invalid", 5.5
23 , "SRT" , "8-5-2" , "valid", 2.0
23 , "SRT" , "8-5-2" , "neutral", 5.5
23 , "SRT" , "8-5-2" , "invalid", 2.0
24 , "SRT" , "8-5-2" , "valid", 2.0
24 , "SRT" , "8-5-2" , "neutral", 2.0
24 , "SRT" , "8-5-2" , "invalid", 2.5
25 , "SRT" , "8-5-2" , "valid", 4.0
25 , "SRT" , "8-5-2" , "neutral", 3.5
25 , "SRT" , "8-5-2" , "invalid", 5.0
26 , "SRT" , "8-5-2" , "valid", 2.0
26 , "SRT" , "8-5-2" , "neutral", 1.5
26 , "SRT" , "8-5-2" , "invalid", 2.0
27 , "SRT" , "8-5-2" , "valid", 5.0
27 , "SRT" , "8-5-2" , "neutral", 4.5
27 , "SRT" , "8-5-2" , "invalid", 5.0
28 , "SRT" , "8-5-2" , "valid", 4.0
28 , "SRT" , "8-5-2" , "neutral", 8.0
28 , "SRT" , "8-5-2" , "invalid", 3.5
29 , "SRT" , "8-5-2" , "valid", 3.5
29 , "SRT" , "8-5-2" , "neutral", 4.0
29 , "SRT" , "8-5-2" , "invalid", 3.5
30 , "SRT" , "8-5-2" , "valid", 5.0
30 , "SRT" , "8-5-2" , "neutral", 5.0
30 , "SRT" , "8-5-2" , "invalid", 6.0
31 , "SRT" , "8-5-2" , "valid", 2.5
31 , "SRT" , "8-5-2" , "neutral", 2.5
31 , "SRT" , "8-5-2" , "invalid", 2.5
32 , "SRT" , "8-5-2" , "valid", 8.25
32 , "SRT" , "8-5-2" , "neutral", 6
32 , "SRT" , "8-5-2" , "invalid", 9.5
33 , "SRT" , "8-5-2" , "valid", 4.5
33 , "SRT" , "8-5-2" , "neutral", 4.5
33 , "SRT" , "8-5-2" , "invalid", 4.5
34 , "SRT" , "8-5-2" , "valid", 6.5
34 , "SRT" , "8-5-2" , "neutral", 3.5
34 , "SRT" , "8-5-2" , "invalid", 6.5
35 , "SRT" , "8-5-2" , "valid", 4.0
35 , "SRT" , "8-5-2" , "neutral", 5.0
35 , "SRT" , "8-5-2" , "invalid", 4.5
36 , "SRT" , "8-5-2" , "valid", 3.0
36 , "SRT" , "8-5-2" , "neutral", 2.5
36 , "SRT" , "8-5-2" , "invalid", 2.5
37 , "SRT" , "8-5-2" , "valid", 2.0
37 , "SRT" , "8-5-2" , "neutral", 2.5
37 , "SRT" , "8-5-2" , "invalid", 3.0
38 , "SRT" , "8-5-2" , "valid", 3.0
38 , "SRT" , "8-5-2" , "neutral", 1.75
38 , "SRT" , "8-5-2" , "invalid", 2.0
39 , "SRT" , "8-5-2" , "valid", 4.0
39 , "SRT" , "8-5-2" , "neutral", 5.0
39 , "SRT" , "8-5-2" , "invalid", 3.5
40 , "SRT" , "8-5-2" , "valid", 5.0
40 , "SRT" , "8-5-2" , "neutral", 5.0
40 , "SRT" , "8-5-2" , "invalid", 6.0
41 , "SRT" , "8-5-2" , "valid", 2.0
41 , "SRT" , "8-5-2" , "neutral", 3.0
41 , "SRT" , "8-5-2" , "invalid", 3.0
42 , "SRT" , "8-5-2" , "valid", 2.5
42 , "SRT" , "8-5-2" , "neutral", 2.0
42 , "SRT" , "8-5-2" , "invalid", 2.0
43 , "SRT" , "8-5-2" , "valid", 9.0
43 , "SRT" , "8-5-2" , "neutral", 6.5
43 , "SRT" , "8-5-2" , "invalid", 6.5
44 , "SRT" , "8-5-2" , "valid", 1.5
44 , "SRT" , "8-5-2" , "neutral", 1.5
44 , "SRT" , "8-5-2" , "invalid", 1.5
45 , "SRT" , "8-5-2" , "valid", 2.0
45 , "SRT" , "8-5-2" , "neutral", 2.0
45 , "SRT" , "8-5-2" , "invalid", 2.5
46 , "SRT" , "8-5-2" , "valid", 3.0
46 , "SRT" , "8-5-2" , "neutral", 3.0
46 , "SRT" , "8-5-2" , "invalid", 3.5
47 , "SRT" , "8-5-2" , "valid", 3.5
47 , "SRT" , "8-5-2" , "neutral", 4.0
47 , "SRT" , "8-5-2" , "invalid", 4.5
48 , "SRT" , "8-5-2" , "valid", 2.0
48 , "SRT" , "8-5-2" , "neutral", 2.0
48 , "SRT" , "8-5-2" , "invalid", 2.25
49 , "SRT" , "8-5-2" , "valid", 3.0
49 , "SRT" , "8-5-2" , "neutral", 3.5
49 , "SRT" , "8-5-2" , "invalid", 3.5
50 , "SRT" , "8-5-2" , "valid", 5.0
50 , "SRT" , "8-5-2" , "neutral", 1.5
50 , "SRT" , "8-5-2" , "invalid", 4.0
51 , "SRT" , "8-5-2" , "valid", 1.5
51 , "SRT" , "8-5-2" , "neutral", 1.5
51 , "SRT" , "8-5-2" , "invalid", 2.0
52 , "SRT" , "8-5-2" , "valid", 2.5
52 , "SRT" , "8-5-2" , "neutral", 3.5
52 , "SRT" , "8-5-2" , "invalid", 3.0
53 , "SRT" , "8-5-2" , "valid", 4.25
53 , "SRT" , "8-5-2" , "neutral", 6.0
53 , "SRT" , "8-5-2" , "invalid", 5.5
54 , "SRT" , "8-5-2" , "valid", 3.0
54 , "SRT" , "8-5-2" , "neutral", 3.0
54 , "SRT" , "8-5-2" , "invalid", 2.5
55 , "SRT" , "8-5-2" , "valid", 1.5
55 , "SRT" , "8-5-2" , "neutral", 2.0
55 , "SRT" , "8-5-2" , "invalid", 1.5
56 , "SRT" , "8-5-2" , "valid", 2.5
56 , "SRT" , "8-5-2" , "neutral", 2.75
56 , "SRT" , "8-5-2" , "invalid", 4.0
57 , "SRT" , "8-5-2" , "valid", 1.0
57 , "SRT" , "8-5-2" , "neutral", 1.0
57 , "SRT" , "8-5-2" , "invalid", 1.5
58 , "SRT" , "8-5-2" , "valid", 3.5
58 , "SRT" , "8-5-2" , "neutral", 3.5
58 , "SRT" , "8-5-2" , "invalid", 3.0
59 , "SRT" , "8-5-2" , "valid", 3.5
59 , "SRT" , "8-5-2" , "neutral", 3.0
59 , "SRT" , "8-5-2" , "invalid", 3.5
60 , "SRT" , "8-5-2" , "valid", 2.75
60 , "SRT" , "8-5-2" , "neutral", 2.5
60 , "SRT" , "8-5-2" , "invalid", 4.0
61 , "SRT" , "8-5-2" , "valid", 4.0
61 , "SRT" , "8-5-2" , "neutral", 4.0
61 , "SRT" , "8-5-2" , "invalid", 5.5
62 , "SRT" , "8-5-2" , "valid", 4.75
62 , "SRT" , "8-5-2" , "neutral", 4.0
62 , "SRT" , "8-5-2" , "invalid", 4.5
63 , "SRT" , "8-5-2" , "valid", 2.0
63 , "SRT" , "8-5-2" , "neutral", 6.0
63 , "SRT" , "8-5-2" , "invalid", 3.0
64 , "SRT" , "8-5-2" , "valid", 5.0
64 , "SRT" , "8-5-2" , "neutral", 3.5
64 , "SRT" , "8-5-2" , "invalid", 5.0
65 , "SRT" , "8-5-2" , "valid", 3.5
65 , "SRT" , "8-5-2" , "neutral", 3.0
65 , "SRT" , "8-5-2" , "invalid", 3.5
66 , "SRT" , "8-5-2" , "valid", 5.0
66 , "SRT" , "8-5-2" , "neutral", 4.0
66 , "SRT" , "8-5-2" , "invalid", 4.5
67 , "SRT" , "8-5-2" , "valid", 2.0
67 , "SRT" , "8-5-2" , "neutral", 3.0
67 , "SRT" , "8-5-2" , "invalid", 2.5
68 , "SRT" , "8-5-2" , "valid", 8.5
68 , "SRT" , "8-5-2" , "neutral", 24.75
68 , "SRT" , "8-5-2" , "invalid", 7.0
69 , "SRT" , "8-5-2" , "valid", 6.0
69 , "SRT" , "8-5-2" , "neutral", 6.0
69 , "SRT" , "8-5-2" , "invalid", 6.0
70 , "SRT" , "8-5-2" , "valid", 3.0
70 , "SRT" , "8-5-2" , "neutral", 2.5
70 , "SRT" , "8-5-2" , "invalid", 3.75
71 , "SRT" , "8-5-2" , "valid", 1.0
71 , "SRT" , "8-5-2" , "neutral", 1.0
71 , "SRT" , "8-5-2" , "invalid", 2.0
72 , "SRT" , "8-5-2" , "valid", 1.5
72 , "SRT" , "8-5-2" , "neutral", 1.5
72 , "SRT" , "8-5-2" , "invalid", 1.5
73 , "SRT" , "8-5-2" , "valid", 5.0
73 , "SRT" , "8-5-2" , "neutral", 5.0
73 , "SRT" , "8-5-2" , "invalid", 5.0
74 , "SRT" , "8-5-2" , "valid", 7.0
74 , "SRT" , "8-5-2" , "neutral", 5.0
74 , "SRT" , "8-5-2" , "invalid", 7.0
75 , "SRT" , "8-5-2" , "valid", 3.0
75 , "SRT" , "8-5-2" , "neutral", 3.0
75 , "SRT" , "8-5-2" , "invalid", 3.0
76 , "SRT" , "8-5-2" , "valid", 1.5
76 , "SRT" , "8-5-2" , "neutral", 1.5
76 , "SRT" , "8-5-2" , "invalid", 2.0
77 , "SRT" , "8-5-2" , "valid", 4.5
77 , "SRT" , "8-5-2" , "neutral", 4.5
77 , "SRT" , "8-5-2" , "invalid", 4.5
78 , "SRT" , "8-5-2" , "valid", 3.0
78 , "SRT" , "8-5-2" , "neutral", 4.0
78 , "SRT" , "8-5-2" , "invalid", 2.5
79 , "SRT" , "8-5-2" , "valid", 5.0
79 , "SRT" , "8-5-2" , "neutral", 6.25
79 , "SRT" , "8-5-2" , "invalid", 4.5
80 , "SRT" , "8-5-2" , "valid", 1.5
80 , "SRT" , "8-5-2" , "neutral", 1.5
80 , "SRT" , "8-5-2" , "invalid", 1.5
81 , "SRT" , "8-5-2" , "valid", 4.5
81 , "SRT" , "8-5-2" , "neutral", 5.0
81 , "SRT" , "8-5-2" , "invalid", 5.0
82 , "SRT" , "8-5-2" , "valid", 2.0
82 , "SRT" , "8-5-2" , "neutral", 2.0
82 , "SRT" , "8-5-2" , "invalid", 2.0
83 , "SRT" , "8-5-2" , "valid", 2.0
83 , "SRT" , "8-5-2" , "neutral", 2.0
83 , "SRT" , "8-5-2" , "invalid", 2.5
84 , "SRT" , "8-5-2" , "valid", 7.25
84 , "SRT" , "8-5-2" , "neutral", 6.0
84 , "SRT" , "8-5-2" , "invalid", 7.5
85 , "SRT" , "8-5-2" , "valid", 4.0
85 , "SRT" , "8-5-2" , "neutral", 8.0
85 , "SRT" , "8-5-2" , "invalid", 5.0
86 , "SRT" , "8-5-2" , "valid", 1.0
86 , "SRT" , "8-5-2" , "neutral", 2.0
86 , "SRT" , "8-5-2" , "invalid", 2.0
87 , "SRT" , "8-5-2" , "valid", 3.0
87 , "SRT" , "8-5-2" , "neutral", 6.0
87 , "SRT" , "8-5-2" , "invalid", 4.5
88 , "SRT" , "8-5-2" , "valid", 9.0
88 , "SRT" , "8-5-2" , "neutral", 9.0
88 , "SRT" , "8-5-2" , "invalid", 6.0
89 , "SRT" , "8-5-2" , "valid", 3.75
89 , "SRT" , "8-5-2" , "neutral", 4.0
89 , "SRT" , "8-5-2" , "invalid", 4.0
90 , "SRT" , "8-5-2" , "valid", 1.0
90 , "SRT" , "8-5-2" , "neutral", 1.5
90 , "SRT" , "8-5-2" , "invalid", 1.5
91 , "SRT" , "8-5-2" , "valid", 6.0
91 , "SRT" , "8-5-2" , "neutral", 3.5
91 , "SRT" , "8-5-2" , "invalid", 5.5
92 , "SRT" , "8-5-2" , "valid", 2.0
92 , "SRT" , "8-5-2" , "neutral", 3.0
92 , "SRT" , "8-5-2" , "invalid", 3.0
93 , "SRT" , "8-5-2" , "valid", 5.5
93 , "SRT" , "8-5-2" , "neutral", 4.0
93 , "SRT" , "8-5-2" , "invalid", 6.0
94 , "SRT" , "8-5-2" , "valid", 2.0
94 , "SRT" , "8-5-2" , "neutral", 1.5
94 , "SRT" , "8-5-2" , "invalid", 2.0
95 , "SRT" , "8-5-2" , "valid", 5.5
95 , "SRT" , "8-5-2" , "neutral", 2.5
95 , "SRT" , "8-5-2" , "invalid", 5.0
96 , "SRT" , "8-5-2" , "valid", 5.0
96 , "SRT" , "8-5-2" , "neutral", 7.5
96 , "SRT" , "8-5-2" , "invalid", 5.5
97 , "SRT" , "8-5-2" , "valid", 1.5
97 , "SRT" , "8-5-2" , "neutral", 1.75
97 , "SRT" , "8-5-2" , "invalid", 2.0
98 , "SRT" , "8-5-2" , "valid", 3.0
98 , "SRT" , "8-5-2" , "neutral", 3.0
98 , "SRT" , "8-5-2" , "invalid", 4.5
99 , "SRT" , "8-5-2" , "valid", 2.0
99 , "SRT" , "8-5-2" , "neutral", 3.5
99 , "SRT" , "8-5-2" , "invalid", 3.0
100 , "SRT" , "8-5-2" , "valid", 5.5
100 , "SRT" , "8-5-2" , "neutral", 3.0
100 , "SRT" , "8-5-2" , "invalid", 4.75
101 , "SRT" , "8-5-2" , "valid", 2.5
101 , "SRT" , "8-5-2" , "neutral", 2.0
101 , "SRT" , "8-5-2" , "invalid", 3.0
102 , "SRT" , "8-5-2" , "valid", 1.5
102 , "SRT" , "8-5-2" , "neutral", 2.0
102 , "SRT" , "8-5-2" , "invalid", 2.0
103 , "SRT" , "8-5-2" , "valid", 2.0
103 , "SRT" , "8-5-2" , "neutral", 1.0
103 , "SRT" , "8-5-2" , "invalid", 3.0
104 , "SRT" , "8-5-2" , "valid", 2.0
104 , "SRT" , "8-5-2" , "neutral", 2.0
104 , "SRT" , "8-5-2" , "invalid", 3.0
105 , "SRT" , "8-5-2" , "valid", 3.0
105 , "SRT" , "8-5-2" , "neutral", 5.5
105 , "SRT" , "8-5-2" , "invalid", 5.5
106 , "SRT" , "8-5-2" , "valid", 4.0
106 , "SRT" , "8-5-2" , "neutral", 5.0
106 , "SRT" , "8-5-2" , "invalid", 3.5
107 , "SRT" , "8-5-2" , "valid", 4.0
107 , "SRT" , "8-5-2" , "neutral", 4.0
107 , "SRT" , "8-5-2" , "invalid", 3.5
108 , "SRT" , "8-5-2" , "valid", 1.5
108 , "SRT" , "8-5-2" , "neutral", 1.0
108 , "SRT" , "8-5-2" , "invalid", 1.5
109 , "SRT" , "8-5-2" , "valid", 2.0
109 , "SRT" , "8-5-2" , "neutral", 1.5
109 , "SRT" , "8-5-2" , "invalid", 2.0
110 , "SRT" , "8-5-2" , "valid", 3.0
110 , "SRT" , "8-5-2" , "neutral", 3.5
110 , "SRT" , "8-5-2" , "invalid", 3.0
111 , "SRT" , "8-5-2" , "valid", 2.5
111 , "SRT" , "8-5-2" , "neutral", 6.0
111 , "SRT" , "8-5-2" , "invalid", 4.0
112 , "SRT" , "8-5-2" , "valid", 1.5
112 , "SRT" , "8-5-2" , "neutral", 2.5
112 , "SRT" , "8-5-2" , "invalid", 2.0
113 , "SRT" , "8-5-2" , "valid", 2.0
113 , "SRT" , "8-5-2" , "neutral", 3.5
113 , "SRT" , "8-5-2" , "invalid", 2.5
114 , "SRT" , "8-5-2" , "valid", 2.0
114 , "SRT" , "8-5-2" , "neutral", 4.0
114 , "SRT" , "8-5-2" , "invalid", 2.0
115 , "SRT" , "8-5-2" , "valid", 3.0
115 , "SRT" , "8-5-2" , "neutral", 3.5
115 , "SRT" , "8-5-2" , "invalid", 4.0
116 , "SRT" , "8-5-2" , "valid", 2.0
116 , "SRT" , "8-5-2" , "neutral", 3.0
116 , "SRT" , "8-5-2" , "invalid", 2.0
117 , "SRT" , "8-5-2" , "valid", 4.0
117 , "SRT" , "8-5-2" , "neutral", 4.5
117 , "SRT" , "8-5-2" , "invalid", 4.75
118 , "SRT" , "8-5-2" , "valid", 2.5
118 , "SRT" , "8-5-2" , "neutral", 2.0
118 , "SRT" , "8-5-2" , "invalid", 3.0
119 , "SRT" , "8-5-2" , "valid", 5.5
119 , "SRT" , "8-5-2" , "neutral", 4.0
119 , "SRT" , "8-5-2" , "invalid", 6.0
120 , "SRT" , "8-5-2" , "valid", 2.75
120 , "SRT" , "8-5-2" , "neutral", 3.5
120 , "SRT" , "8-5-2" , "invalid", 2.5
121 , "SRT" , "8-5-2" , "valid", 3.0
121 , "SRT" , "8-5-2" , "neutral", 3.5
121 , "SRT" , "8-5-2" , "invalid", 3.25
122 , "SRT" , "8-5-2" , "valid", 3.0
122 , "SRT" , "8-5-2" , "neutral", 1.5
122 , "SRT" , "8-5-2" , "invalid", 1.5
123 , "SRT" , "8-5-2" , "valid", 4.0
123 , "SRT" , "8-5-2" , "neutral", 4.5
123 , "SRT" , "8-5-2" , "invalid", 4.5
124 , "SRT" , "8-5-2" , "valid", 3.25
124 , "SRT" , "8-5-2" , "neutral", 5.5
124 , "SRT" , "8-5-2" , "invalid", 3.0
125 , "SRT" , "8-5-2" , "valid", 2.5
125 , "SRT" , "8-5-2" , "neutral", 3.5
125 , "SRT" , "8-5-2" , "invalid", 3.5
126 , "SRT" , "8-5-2" , "valid", 1.5
126 , "SRT" , "8-5-2" , "neutral", 1.0
126 , "SRT" , "8-5-2" , "invalid", 1.5
127 , "SRT" , "8-5-2" , "valid", 2.0
127 , "SRT" , "8-5-2" , "neutral", 2.0
127 , "SRT" , "8-5-2" , "invalid", 2.0
128 , "SRT" , "8-5-2" , "valid", 6.0
128 , "SRT" , "8-5-2" , "neutral", 7.0
128 , "SRT" , "8-5-2" , "invalid", 5.75
129 , "SRT" , "8-5-2" , "valid", 4.0
129 , "SRT" , "8-5-2" , "neutral", 3.0
129 , "SRT" , "8-5-2" , "invalid", 4.0
130 , "SRT" , "8-5-2" , "valid", 3.0
130 , "SRT" , "8-5-2" , "neutral", 2.0
130 , "SRT" , "8-5-2" , "invalid", 3.5
131 , "SRT" , "8-5-2" , "valid", 2.5
131 , "SRT" , "8-5-2" , "neutral", 2.5
131 , "SRT" , "8-5-2" , "invalid", 3.0
132 , "SRT" , "8-5-2" , "valid", 5.0
132 , "SRT" , "8-5-2" , "neutral", 7.5
132 , "SRT" , "8-5-2" , "invalid", 7.5
133 , "SRT" , "8-5-2" , "valid", 1.0
133 , "SRT" , "8-5-2" , "neutral", 1.0
133 , "SRT" , "8-5-2" , "invalid", 1.0
134 , "SRT" , "8-5-2" , "valid", 6.5
134 , "SRT" , "8-5-2" , "neutral", 10.0
134 , "SRT" , "8-5-2" , "invalid", 8.0
135 , "SRT" , "8-5-2" , "valid", 2.0
135 , "SRT" , "8-5-2" , "neutral", 3.0
135 , "SRT" , "8-5-2" , "invalid", 3.0
136 , "SRT" , "8-5-2" , "valid", 3.5
136 , "SRT" , "8-5-2" , "neutral", 3.5
136 , "SRT" , "8-5-2" , "invalid", 4.0
137 , "SRT" , "8-5-2" , "valid", 4.0
137 , "SRT" , "8-5-2" , "neutral", 6.0
137 , "SRT" , "8-5-2" , "invalid", 4.5
138 , "SRT" , "8-5-2" , "valid", 1.5
138 , "SRT" , "8-5-2" , "neutral", 1.5
138 , "SRT" , "8-5-2" , "invalid", 2.0
139 , "SRT" , "8-5-2" , "valid", 3.0
139 , "SRT" , "8-5-2" , "neutral", 3.0
139 , "SRT" , "8-5-2" , "invalid", 2.5
140 , "SRT" , "8-5-2" , "valid", 2.5
140 , "SRT" , "8-5-2" , "neutral", 5.0
140 , "SRT" , "8-5-2" , "invalid", 2.0
141 , "SRT" , "8-5-2" , "valid", 3.0
141 , "SRT" , "8-5-2" , "neutral", 2.0
141 , "SRT" , "8-5-2" , "invalid", 3.0
142 , "SRT" , "8-5-2" , "valid", 3.0
142 , "SRT" , "8-5-2" , "neutral", 2.0
142 , "SRT" , "8-5-2" , "invalid", 2.75
143 , "SRT" , "8-5-2" , "valid", 4.5
143 , "SRT" , "8-5-2" , "neutral", 4.0
143 , "SRT" , "8-5-2" , "invalid", 4.5
144 , "SRT" , "8-5-2" , "valid", 2.0
144 , "SRT" , "8-5-2" , "neutral", 1.5
144 , "SRT" , "8-5-2" , "invalid", 2.0
145 , "SRT" , "8-5-2" , "valid", 4.0
145 , "SRT" , "8-5-2" , "neutral", 3.0
145 , "SRT" , "8-5-2" , "invalid", 4.0
146 , "SRT" , "8-5-2" , "valid", 1.0
146 , "SRT" , "8-5-2" , "neutral", 1.5
146 , "SRT" , "8-5-2" , "invalid", 2.5
147 , "SRT" , "8-5-2" , "valid", 2.0
147 , "SRT" , "8-5-2" , "neutral", 1.5
147 , "SRT" , "8-5-2" , "invalid", 2.5
148 , "SRT" , "8-5-2" , "valid", 2.0
148 , "SRT" , "8-5-2" , "neutral", 1.5
148 , "SRT" , "8-5-2" , "invalid", 1.5
149 , "SRT" , "8-5-2" , "valid", 1.5
149 , "SRT" , "8-5-2" , "neutral", 1.5
149 , "SRT" , "8-5-2" , "invalid", 2.0
150 , "SRT" , "8-5-2" , "valid", 4.0
150 , "SRT" , "8-5-2" , "neutral", 3.5
150 , "SRT" , "8-5-2" , "invalid", 4.0
151 , "SRT" , "8-5-2" , "valid", 1.5
151 , "SRT" , "8-5-2" , "neutral", 1.5
151 , "SRT" , "8-5-2" , "invalid", 2.0
152 , "SRT" , "8-5-2" , "valid", 2.0
152 , "SRT" , "8-5-2" , "neutral", 1.0
152 , "SRT" , "8-5-2" , "invalid", 2.0
153 , "SRT" , "8-5-2" , "valid", 4.0
153 , "SRT" , "8-5-2" , "neutral", 2.0
153 , "SRT" , "8-5-2" , "invalid", 6.0
154 , "SRT" , "8-5-2" , "valid", 6.5
154 , "SRT" , "8-5-2" , "neutral", 8.5
154 , "SRT" , "8-5-2" , "invalid", 11.5
155 , "SRT" , "8-5-2" , "valid", 5.0
155 , "SRT" , "8-5-2" , "neutral", 3.0
155 , "SRT" , "8-5-2" , "invalid", 4.5
156 , "SRT" , "8-5-2" , "valid", 1.5
156 , "SRT" , "8-5-2" , "neutral", 1.5
156 , "SRT" , "8-5-2" , "invalid", 1.5
157 , "SRT" , "8-5-2" , "valid", 4.0
157 , "SRT" , "8-5-2" , "neutral", 3.5
157 , "SRT" , "8-5-2" , "invalid", 4.0
158 , "SRT" , "8-5-2" , "valid", 3.0
158 , "SRT" , "8-5-2" , "neutral", 2.0
158 , "SRT" , "8-5-2" , "invalid", 5.0
159 , "SRT" , "8-5-2" , "valid", 4.5
159 , "SRT" , "8-5-2" , "neutral", 5.0
159 , "SRT" , "8-5-2" , "invalid", 5.75
160 , "SRT" , "8-5-2" , "valid", 3.5
160 , "SRT" , "8-5-2" , "neutral", 3.5
160 , "SRT" , "8-5-2" , "invalid", 4.0
161 , "SRT" , "8-5-2" , "valid", 2.0
161 , "SRT" , "8-5-2" , "neutral", 2.0
161 , "SRT" , "8-5-2" , "invalid", 2.0
162 , "SRT" , "8-5-2" , "valid", 3.0
162 , "SRT" , "8-5-2" , "neutral", 3.5
162 , "SRT" , "8-5-2" , "invalid", 3.0
163 , "SRT" , "8-5-2" , "valid", 3.5
163 , "SRT" , "8-5-2" , "neutral", 4.0
163 , "SRT" , "8-5-2" , "invalid", 4.0
164 , "SRT" , "8-5-2" , "valid", 2.0
164 , "SRT" , "8-5-2" , "neutral", 2.5
164 , "SRT" , "8-5-2" , "invalid", 5.0
165 , "SRT" , "8-5-2" , "valid", 3.0
165 , "SRT" , "8-5-2" , "neutral", 2.0
165 , "SRT" , "8-5-2" , "invalid", 3.5
166 , "SRT" , "8-5-2" , "valid", 3.5
166 , "SRT" , "8-5-2" , "neutral", 3.0
166 , "SRT" , "8-5-2" , "invalid", 3.5
167 , "SRT" , "8-5-2" , "valid", 1.5
167 , "SRT" , "8-5-2" , "neutral", 1.5
167 , "SRT" , "8-5-2" , "invalid", 1.5
168 , "SRT" , "8-5-2" , "valid", 3.0
168 , "SRT" , "8-5-2" , "neutral", 2.0
168 , "SRT" , "8-5-2" , "invalid", 2.5
169 , "SRT" , "8-5-2" , "valid", 2.5
169 , "SRT" , "8-5-2" , "neutral", 2.5
169 , "SRT" , "8-5-2" , "invalid", 2.0
170 , "SRT" , "8-5-2" , "valid", 4.0
170 , "SRT" , "8-5-2" , "neutral", 9.0
170 , "SRT" , "8-5-2" , "invalid", 4.25
171 , "SRT" , "8-5-2" , "valid", 5.0
171 , "SRT" , "8-5-2" , "neutral", 4.5
171 , "SRT" , "8-5-2" , "invalid", 4.5
172 , "SRT" , "8-5-2" , "valid", 2.0
172 , "SRT" , "8-5-2" , "neutral", 1.5
172 , "SRT" , "8-5-2" , "invalid", 2.0
173 , "SRT" , "8-5-2" , "valid", 4.5
173 , "SRT" , "8-5-2" , "neutral", 5.0
173 , "SRT" , "8-5-2" , "invalid", 4.5
174 , "SRT" , "8-5-2" , "valid", 2.5
174 , "SRT" , "8-5-2" , "neutral", 2.0
174 , "SRT" , "8-5-2" , "invalid", 2.75
175 , "SRT" , "8-5-2" , "valid", 2.0
175 , "SRT" , "8-5-2" , "neutral", 2.0
175 , "SRT" , "8-5-2" , "invalid", 1.0
176 , "SRT" , "8-5-2" , "valid", 2.0
176 , "SRT" , "8-5-2" , "neutral", 1.5
176 , "SRT" , "8-5-2" , "invalid", 2.0
177 , "SRT" , "8-5-2" , "valid", 2.0
177 , "SRT" , "8-5-2" , "neutral", 1.0
177 , "SRT" , "8-5-2" , "invalid", 2.0
178 , "SRT" , "8-5-2" , "valid", 6.0
178 , "SRT" , "8-5-2" , "neutral", 7.0
178 , "SRT" , "8-5-2" , "invalid", 6.75
179 , "SRT" , "8-5-2" , "valid", 6.0
179 , "SRT" , "8-5-2" , "neutral", 1.25
179 , "SRT" , "8-5-2" , "invalid", 5.5
180 , "SRT" , "8-5-2" , "valid", 6.0
180 , "SRT" , "8-5-2" , "neutral", 6.0
180 , "SRT" , "8-5-2" , "invalid", 5.5
181 , "SRT" , "8-5-2" , "valid", 5.0
181 , "SRT" , "8-5-2" , "neutral", 6.5
181 , "SRT" , "8-5-2" , "invalid", 5.5
182 , "SRT" , "8-5-2" , "valid", 3.5
182 , "SRT" , "8-5-2" , "neutral", 3.0
182 , "SRT" , "8-5-2" , "invalid", 4.0
183 , "SRT" , "8-5-2" , "valid", 5.0
183 , "SRT" , "8-5-2" , "neutral", 6.0
183 , "SRT" , "8-5-2" , "invalid", 5.0
184 , "SRT" , "8-5-2" , "valid", 4.5
184 , "SRT" , "8-5-2" , "neutral", 6.0
184 , "SRT" , "8-5-2" , "invalid", 4.0
185 , "SRT" , "8-5-2" , "valid", 4.0
185 , "SRT" , "8-5-2" , "neutral", 4.0
185 , "SRT" , "8-5-2" , "invalid", 7.0
186 , "SRT" , "8-5-2" , "valid", 2.0
186 , "SRT" , "8-5-2" , "neutral", 2.0
186 , "SRT" , "8-5-2" , "invalid", 2.0
187 , "SRT" , "8-5-2" , "valid", 1.5
187 , "SRT" , "8-5-2" , "neutral", 2.0
187 , "SRT" , "8-5-2" , "invalid", 2.0
188 , "SRT" , "8-5-2" , "valid", 8.25
188 , "SRT" , "8-5-2" , "neutral", 8.5
188 , "SRT" , "8-5-2" , "invalid", 9.5
189 , "SRT" , "8-5-2" , "valid", 6.0
189 , "SRT" , "8-5-2" , "neutral", 5.5
189 , "SRT" , "8-5-2" , "invalid", 6.5
190 , "SRT" , "8-5-2" , "valid", 2.0
190 , "SRT" , "8-5-2" , "neutral", 2.0
190 , "SRT" , "8-5-2" , "invalid", 2.0
191 , "SRT" , "8-5-2" , "valid", 2.0
191 , "SRT" , "8-5-2" , "neutral", 2.0
191 , "SRT" , "8-5-2" , "invalid", 2.0
192 , "SRT" , "8-5-2" , "valid", 2.0
192 , "SRT" , "8-5-2" , "neutral", 5.25
192 , "SRT" , "8-5-2" , "invalid", 2.0
193 , "SRT" , "8-5-2" , "valid", 6.5
193 , "SRT" , "8-5-2" , "neutral", 6.5
193 , "SRT" , "8-5-2" , "invalid", 6.0
194 , "SRT" , "8-5-2" , "valid", 1.5
194 , "SRT" , "8-5-2" , "neutral", 1.5
194 , "SRT" , "8-5-2" , "invalid", 1.5
195 , "SRT" , "8-5-2" , "valid", 4.0
195 , "SRT" , "8-5-2" , "neutral", 3.5
195 , "SRT" , "8-5-2" , "invalid", 4.0
196 , "SRT" , "8-5-2" , "valid", 1.5
196 , "SRT" , "8-5-2" , "neutral", 2
196 , "SRT" , "8-5-2" , "invalid", 2.0
197 , "SRT" , "8-5-2" , "valid", 7.5
197 , "SRT" , "8-5-2" , "neutral", 4.0
197 , "SRT" , "8-5-2" , "invalid", 6.5
198 , "SRT" , "8-5-2" , "valid", 2.0
198 , "SRT" , "8-5-2" , "neutral", 2.5
198 , "SRT" , "8-5-2" , "invalid", 2.0
199 , "SRT" , "8-5-2" , "valid", 5.0
199 , "SRT" , "8-5-2" , "neutral", 3.5
199 , "SRT" , "8-5-2" , "invalid", 5.0
200 , "SRT" , "8-5-2" , "valid", 2.0
200 , "SRT" , "8-5-2" , "neutral", 3.0
200 , "SRT" , "8-5-2" , "invalid", 3.0
201 , "CRT" , "8-5-2" , "valid", 3.0
201 , "CRT" , "8-5-2" , "neutral", 2.0
201 , "CRT" , "8-5-2" , "invalid", 3.5
202 , "CRT" , "8-5-2" , "valid", 2.0
202 , "CRT" , "8-5-2" , "neutral", 1.0
202 , "CRT" , "8-5-2" , "invalid", 5.5
203 , "CRT" , "8-5-2" , "valid", 4.5
203 , "CRT" , "8-5-2" , "neutral", 5.0
203 , "CRT" , "8-5-2" , "invalid", 8.0
204 , "CRT" , "8-5-2" , "valid", 6.0
204 , "CRT" , "8-5-2" , "neutral", 6.5
204 , "CRT" , "8-5-2" , "invalid", 9.0
205 , "CRT" , "8-5-2" , "valid", 2.75
205 , "CRT" , "8-5-2" , "neutral", 1.0
205 , "CRT" , "8-5-2" , "invalid", 4.0
206 , "CRT" , "8-5-2" , "valid", 1.5
206 , "CRT" , "8-5-2" , "neutral", 3.0
206 , "CRT" , "8-5-2" , "invalid", 2.0
207 , "CRT" , "8-5-2" , "valid", 1.5
207 , "CRT" , "8-5-2" , "neutral", 2.0
207 , "CRT" , "8-5-2" , "invalid", 1.5
208 , "CRT" , "8-5-2" , "valid", 1.0
208 , "CRT" , "8-5-2" , "neutral", 3.0
208 , "CRT" , "8-5-2" , "invalid", 4.0
209 , "CRT" , "8-5-2" , "valid", 5.75
209 , "CRT" , "8-5-2" , "neutral", 3.0
209 , "CRT" , "8-5-2" , "invalid", 5.0
210 , "CRT" , "8-5-2" , "valid", 1.5
210 , "CRT" , "8-5-2" , "neutral", 1.5
210 , "CRT" , "8-5-2" , "invalid", 1.5
211 , "CRT" , "8-5-2" , "valid", 1.5
211 , "CRT" , "8-5-2" , "neutral", 7.0
211 , "CRT" , "8-5-2" , "invalid", 3.25
212 , "CRT" , "8-5-2" , "valid", 1.0
212 , "CRT" , "8-5-2" , "neutral", 1.5
212 , "CRT" , "8-5-2" , "invalid", 1.0
213 , "CRT" , "8-5-2" , "valid", 1.5
213 , "CRT" , "8-5-2" , "neutral", 2.0
213 , "CRT" , "8-5-2" , "invalid", 2.0
214 , "CRT" , "8-5-2" , "valid", 2.5
214 , "CRT" , "8-5-2" , "neutral", 2
214 , "CRT" , "8-5-2" , "invalid", 2.75
215 , "CRT" , "8-5-2" , "valid", 2.0
215 , "CRT" , "8-5-2" , "neutral", 1.0
215 , "CRT" , "8-5-2" , "invalid", 2.0
216 , "CRT" , "8-5-2" , "valid", 3.0
216 , "CRT" , "8-5-2" , "neutral", 2.5
216 , "CRT" , "8-5-2" , "invalid", 2.5
217 , "CRT" , "8-5-2" , "valid", 1.0
217 , "CRT" , "8-5-2" , "neutral", 1.0
217 , "CRT" , "8-5-2" , "invalid", 1.0
218 , "CRT" , "8-5-2" , "valid", 1.0
218 , "CRT" , "8-5-2" , "neutral", 1.0
218 , "CRT" , "8-5-2" , "invalid", 1.0
219 , "CRT" , "8-5-2" , "valid", 6.0
219 , "CRT" , "8-5-2" , "neutral", 10.25
219 , "CRT" , "8-5-2" , "invalid", 3.5
220 , "CRT" , "8-5-2" , "valid", 2.5
220 , "CRT" , "8-5-2" , "neutral", 2.5
220 , "CRT" , "8-5-2" , "invalid", 3.5
221 , "CRT" , "8-5-2" , "valid", 3.5
221 , "CRT" , "8-5-2" , "neutral", 3.5
221 , "CRT" , "8-5-2" , "invalid", 6.0
222 , "CRT" , "8-5-2" , "valid", 1.0
222 , "CRT" , "8-5-2" , "neutral", 1.0
222 , "CRT" , "8-5-2" , "invalid", 3.5
223 , "CRT" , "8-5-2" , "valid", 1.0
223 , "CRT" , "8-5-2" , "neutral", 1.0
223 , "CRT" , "8-5-2" , "invalid", 1.0
224 , "CRT" , "8-5-2" , "valid", 1.5
224 , "CRT" , "8-5-2" , "neutral", 2.0
224 , "CRT" , "8-5-2" , "invalid", 2.0
225 , "CRT" , "8-5-2" , "valid", 6.0
225 , "CRT" , "8-5-2" , "neutral", 10.0
225 , "CRT" , "8-5-2" , "invalid", 11.25
226 , "CRT" , "8-5-2" , "valid", 1.0
226 , "CRT" , "8-5-2" , "neutral", 1.0
226 , "CRT" , "8-5-2" , "invalid", 1.0
227 , "CRT" , "8-5-2" , "valid", 1.0
227 , "CRT" , "8-5-2" , "neutral", 1.0
227 , "CRT" , "8-5-2" , "invalid", 4.0
228 , "CRT" , "8-5-2" , "valid", 1.0
228 , "CRT" , "8-5-2" , "neutral", 2.0
228 , "CRT" , "8-5-2" , "invalid", 5.5
229 , "CRT" , "8-5-2" , "valid", 1.5
229 , "CRT" , "8-5-2" , "neutral", 1.5
229 , "CRT" , "8-5-2" , "invalid", 2.0
230 , "CRT" , "8-5-2" , "valid", 1.0
230 , "CRT" , "8-5-2" , "neutral", 1.0
230 , "CRT" , "8-5-2" , "invalid", 1.5
231 , "CRT" , "8-5-2" , "valid", 2.5
231 , "CRT" , "8-5-2" , "neutral", 2.75
231 , "CRT" , "8-5-2" , "invalid", 5.0
232 , "CRT" , "8-5-2" , "valid", 2.0
232 , "CRT" , "8-5-2" , "neutral", 2.5
232 , "CRT" , "8-5-2" , "invalid", 2.0
233 , "CRT" , "8-5-2" , "valid", 6.75
233 , "CRT" , "8-5-2" , "neutral", 5.0
233 , "CRT" , "8-5-2" , "invalid", 12.0
234 , "CRT" , "8-5-2" , "valid", 3.0
234 , "CRT" , "8-5-2" , "neutral", 5
234 , "CRT" , "8-5-2" , "invalid", 7.0
235 , "CRT" , "8-5-2" , "valid", 2.0
235 , "CRT" , "8-5-2" , "neutral", 2.0
235 , "CRT" , "8-5-2" , "invalid", 3.5
236 , "CRT" , "8-5-2" , "valid", 1.0
236 , "CRT" , "8-5-2" , "neutral", 1
236 , "CRT" , "8-5-2" , "invalid", 1.0
237 , "CRT" , "8-5-2" , "valid", 1.0
237 , "CRT" , "8-5-2" , "neutral", 1
237 , "CRT" , "8-5-2" , "invalid", 1.25
238 , "CRT" , "8-5-2" , "valid", 5.0
238 , "CRT" , "8-5-2" , "neutral", 6
238 , "CRT" , "8-5-2" , "invalid", 6.5
239 , "CRT" , "8-5-2" , "valid", 5.0
239 , "CRT" , "8-5-2" , "neutral", 7.75
239 , "CRT" , "8-5-2" , "invalid", 12.0
240 , "CRT" , "8-5-2" , "valid", 3.0
240 , "CRT" , "8-5-2" , "neutral", 4.0
240 , "CRT" , "8-5-2" , "invalid", 4.5
241 , "CRT" , "8-5-2" , "valid", 1.0
241 , "CRT" , "8-5-2" , "neutral", 1
241 , "CRT" , "8-5-2" , "invalid", 1.5
242 , "CRT" , "8-5-2" , "valid", 2.0
242 , "CRT" , "8-5-2" , "neutral", 1.0
242 , "CRT" , "8-5-2" , "invalid", 2.0
243 , "CRT" , "8-5-2" , "valid", 2.0
243 , "CRT" , "8-5-2" , "neutral", 3.0
243 , "CRT" , "8-5-2" , "invalid", 3.5
244 , "CRT" , "8-5-2" , "valid", 4.75
244 , "CRT" , "8-5-2" , "neutral", 2.5
244 , "CRT" , "8-5-2" , "invalid", 11.25
245 , "CRT" , "8-5-2" , "valid", 2.0
245 , "CRT" , "8-5-2" , "neutral", 2.25
245 , "CRT" , "8-5-2" , "invalid", 4.0
246 , "CRT" , "8-5-2" , "valid", 1.0
246 , "CRT" , "8-5-2" , "neutral", 4.5
246 , "CRT" , "8-5-2" , "invalid", 3.5
247 , "CRT" , "8-5-2" , "valid", 6.0
247 , "CRT" , "8-5-2" , "neutral", 4.5
247 , "CRT" , "8-5-2" , "invalid", 14.0
248 , "CRT" , "8-5-2" , "valid", 2.0
248 , "CRT" , "8-5-2" , "neutral", 4.5
248 , "CRT" , "8-5-2" , "invalid", 3.0
249 , "CRT" , "8-5-2" , "valid", 2.0
249 , "CRT" , "8-5-2" , "neutral", 1.0
249 , "CRT" , "8-5-2" , "invalid", 3.0
250 , "CRT" , "8-5-2" , "valid", 1.5
250 , "CRT" , "8-5-2" , "neutral", 5.0
250 , "CRT" , "8-5-2" , "invalid", 5.0
251 , "CRT" , "8-5-2" , "valid", 2.0
251 , "CRT" , "8-5-2" , "neutral", 3.0
251 , "CRT" , "8-5-2" , "invalid", 3.0
252 , "CRT" , "8-5-2" , "valid", 3.0
252 , "CRT" , "8-5-2" , "neutral", 4.5
252 , "CRT" , "8-5-2" , "invalid", 3.5
253 , "CRT" , "8-5-2" , "valid", 1.0
253 , "CRT" , "8-5-2" , "neutral", 1.5
253 , "CRT" , "8-5-2" , "invalid", 1.5
254 , "CRT" , "8-5-2" , "valid", 1.5
254 , "CRT" , "8-5-2" , "neutral", 1.5
254 , "CRT" , "8-5-2" , "invalid", 2.0
255 , "CRT" , "8-5-2" , "valid", 3.0
255 , "CRT" , "8-5-2" , "neutral", 2.5
255 , "CRT" , "8-5-2" , "invalid", 1.5
256 , "CRT" , "8-5-2" , "valid", 1.0
256 , "CRT" , "8-5-2" , "neutral", 1.0
256 , "CRT" , "8-5-2" , "invalid", 1.0
257 , "CRT" , "8-5-2" , "valid", 4.0
257 , "CRT" , "8-5-2" , "neutral", 1.5
257 , "CRT" , "8-5-2" , "invalid", 3.5
258 , "CRT" , "8-5-2" , "valid", 2.0
258 , "CRT" , "8-5-2" , "neutral", 2.0
258 , "CRT" , "8-5-2" , "invalid", 5.5
259 , "CRT" , "8-5-2" , "valid", 4.0
259 , "CRT" , "8-5-2" , "neutral", 5.0
259 , "CRT" , "8-5-2" , "invalid", 9.5
260 , "CRT" , "8-5-2" , "valid", 3.0
260 , "CRT" , "8-5-2" , "neutral", 6.0
260 , "CRT" , "8-5-2" , "invalid", 7.0
261 , "CRT" , "8-5-2" , "valid", 3.0
261 , "CRT" , "8-5-2" , "neutral", 3.5
261 , "CRT" , "8-5-2" , "invalid", 6.0
262 , "CRT" , "8-5-2" , "valid", 1.0
262 , "CRT" , "8-5-2" , "neutral", 1
262 , "CRT" , "8-5-2" , "invalid", 1.0
263 , "CRT" , "8-5-2" , "valid", 1.5
263 , "CRT" , "8-5-2" , "neutral", 2.0
263 , "CRT" , "8-5-2" , "invalid", 4.0
264 , "CRT" , "8-5-2" , "valid", 1.0
264 , "CRT" , "8-5-2" , "neutral", 1.0
264 , "CRT" , "8-5-2" , "invalid", 3.0
265 , "CRT" , "8-5-2" , "valid", 2.0
265 , "CRT" , "8-5-2" , "neutral", 2.0
265 , "CRT" , "8-5-2" , "invalid", 4.0
266 , "CRT" , "8-5-2" , "valid", 3.0
266 , "CRT" , "8-5-2" , "neutral", 1.5
266 , "CRT" , "8-5-2" , "invalid", 3.5
267 , "CRT" , "8-5-2" , "valid", 1.0
267 , "CRT" , "8-5-2" , "neutral", 2.0
267 , "CRT" , "8-5-2" , "invalid", 2.0
268 , "CRT" , "8-5-2" , "valid", 1.5
268 , "CRT" , "8-5-2" , "neutral", 1.5
268 , "CRT" , "8-5-2" , "invalid", 1.5
269 , "CRT" , "8-5-2" , "valid", 1.0
269 , "CRT" , "8-5-2" , "neutral", 1.0
269 , "CRT" , "8-5-2" , "invalid", 1.0
270 , "CRT" , "8-5-2" , "valid", 2.0
270 , "CRT" , "8-5-2" , "neutral", 1.5
270 , "CRT" , "8-5-2" , "invalid", 1.0
271 , "CRT" , "8-5-2" , "valid", 1.5
271 , "CRT" , "8-5-2" , "neutral", 3.0
271 , "CRT" , "8-5-2" , "invalid", 1.5
272 , "CRT" , "8-5-2" , "valid", 2.0
272 , "CRT" , "8-5-2" , "neutral", 2.0
272 , "CRT" , "8-5-2" , "invalid", 3.0
273 , "CRT" , "8-5-2" , "valid", 1.0
273 , "CRT" , "8-5-2" , "neutral", 1.0
273 , "CRT" , "8-5-2" , "invalid", 2.0
274 , "CRT" , "8-5-2" , "valid", 3.5
274 , "CRT" , "8-5-2" , "neutral", 2.0
274 , "CRT" , "8-5-2" , "invalid", 7.0
275 , "CRT" , "8-5-2" , "valid", 1.0
275 , "CRT" , "8-5-2" , "neutral", 1.0
275 , "CRT" , "8-5-2" , "invalid", 1.0
276 , "CRT" , "8-5-2" , "valid", 5.0
276 , "CRT" , "8-5-2" , "neutral", 7.0
276 , "CRT" , "8-5-2" , "invalid", 9.5
277 , "CRT" , "8-5-2" , "valid", 4.75
277 , "CRT" , "8-5-2" , "neutral", 4.0
277 , "CRT" , "8-5-2" , "invalid", 4.5
278 , "CRT" , "8-5-2" , "valid", 4.0
278 , "CRT" , "8-5-2" , "neutral", 7.0
278 , "CRT" , "8-5-2" , "invalid", 8.0
279 , "CRT" , "8-5-2" , "valid", 2.0
279 , "CRT" , "8-5-2" , "neutral", 6.0
279 , "CRT" , "8-5-2" , "invalid", 4.0
280 , "CRT" , "8-5-2" , "valid", 1.5
280 , "CRT" , "8-5-2" , "neutral", 4.0
280 , "CRT" , "8-5-2" , "invalid", 4.0
281 , "CRT" , "8-5-2" , "valid", 4.0
281 , "CRT" , "8-5-2" , "neutral", 5.5
281 , "CRT" , "8-5-2" , "invalid", 4.5
282 , "CRT" , "8-5-2" , "valid", 6.5
282 , "CRT" , "8-5-2" , "neutral", 2.5
282 , "CRT" , "8-5-2" , "invalid", 4.0
283 , "CRT" , "8-5-2" , "valid", 3.0
283 , "CRT" , "8-5-2" , "neutral", 5.0
283 , "CRT" , "8-5-2" , "invalid", 6.5
284 , "CRT" , "8-5-2" , "valid", 4.5
284 , "CRT" , "8-5-2" , "neutral", 3.0
284 , "CRT" , "8-5-2" , "invalid", 3.0
285 , "CRT" , "8-5-2" , "valid", 1.5
285 , "CRT" , "8-5-2" , "neutral", 1.5
285 , "CRT" , "8-5-2" , "invalid", 2.0
286 , "CRT" , "8-5-2" , "valid", 8.0
286 , "CRT" , "8-5-2" , "neutral", 5
286 , "CRT" , "8-5-2" , "invalid", 8.0
287 , "CRT" , "8-5-2" , "valid", 5.25
287 , "CRT" , "8-5-2" , "neutral", 16.0
287 , "CRT" , "8-5-2" , "invalid", 25.0
288 , "CRT" , "8-5-2" , "valid", 2.0
288 , "CRT" , "8-5-2" , "neutral", 2.5
288 , "CRT" , "8-5-2" , "invalid", 6.0
289 , "CRT" , "8-5-2" , "valid", 2.0
289 , "CRT" , "8-5-2" , "neutral", 2.0
289 , "CRT" , "8-5-2" , "invalid", 2.5
290 , "CRT" , "8-5-2" , "valid", 1.25
290 , "CRT" , "8-5-2" , "neutral", 5.5
290 , "CRT" , "8-5-2" , "invalid", 1.0
291 , "CRT" , "8-5-2" , "valid", 4.0
291 , "CRT" , "8-5-2" , "neutral", 4.25
291 , "CRT" , "8-5-2" , "invalid", 4.0
292 , "CRT" , "8-5-2" , "valid", 5.0
292 , "CRT" , "8-5-2" , "neutral", 7.0
292 , "CRT" , "8-5-2" , "invalid", 8.0
293 , "CRT" , "8-5-2" , "valid", 1.0
293 , "CRT" , "8-5-2" , "neutral", 1.0
293 , "CRT" , "8-5-2" , "invalid", 3.0
294 , "CRT" , "8-5-2" , "valid", 8.5
294 , "CRT" , "8-5-2" , "neutral", 1.0
294 , "CRT" , "8-5-2" , "invalid", 9.5
295 , "CRT" , "8-5-2" , "valid", 6.0
295 , "CRT" , "8-5-2" , "neutral", 8.5
295 , "CRT" , "8-5-2" , "invalid", 8.0
296 , "CRT" , "8-5-2" , "valid", 3.5
296 , "CRT" , "8-5-2" , "neutral", 3.5
296 , "CRT" , "8-5-2" , "invalid", 6.0
297 , "CRT" , "8-5-2" , "valid", 1.5
297 , "CRT" , "8-5-2" , "neutral", 1.0
297 , "CRT" , "8-5-2" , "invalid", 2.75
298 , "CRT" , "8-5-2" , "valid", 3.5
298 , "CRT" , "8-5-2" , "neutral", 1.5
298 , "CRT" , "8-5-2" , "invalid", 2.25
299 , "CRT" , "8-5-2" , "valid", 1.0
299 , "CRT" , "8-5-2" , "neutral", 1.0
299 , "CRT" , "8-5-2" , "invalid", 2.0
300 , "CRT" , "8-5-2" , "valid", 1.0
300 , "CRT" , "8-5-2" , "neutral", 5.5
300 , "CRT" , "8-5-2" , "invalid", 3.0
301 , "CRT" , "8-5-2" , "valid", 2.0
301 , "CRT" , "8-5-2" , "neutral", 6.0
301 , "CRT" , "8-5-2" , "invalid", 3.5
302 , "CRT" , "8-5-2" , "valid", 1.75
302 , "CRT" , "8-5-2" , "neutral", 1.5
302 , "CRT" , "8-5-2" , "invalid", 5.75
303 , "CRT" , "8-5-2" , "valid", 2.5
303 , "CRT" , "8-5-2" , "neutral", 4.0
303 , "CRT" , "8-5-2" , "invalid", 3.5
304 , "CRT" , "8-5-2" , "valid", 2.0
304 , "CRT" , "8-5-2" , "neutral", 3.0
304 , "CRT" , "8-5-2" , "invalid", 2.0
305 , "CRT" , "8-5-2" , "valid", 2.0
305 , "CRT" , "8-5-2" , "neutral", 2.0
305 , "CRT" , "8-5-2" , "invalid", 3.5
306 , "CRT" , "8-5-2" , "valid", 1.0
306 , "CRT" , "8-5-2" , "neutral", 1.0
306 , "CRT" , "8-5-2" , "invalid", 1.5
307 , "CRT" , "8-5-2" , "valid", 1.5
307 , "CRT" , "8-5-2" , "neutral", 1.0
307 , "CRT" , "8-5-2" , "invalid", 1.5
308 , "CRT" , "8-5-2" , "valid", 6.0
308 , "CRT" , "8-5-2" , "neutral", 5.0
308 , "CRT" , "8-5-2" , "invalid", 5.5
309 , "CRT" , "8-5-2" , "valid", 2.0
309 , "CRT" , "8-5-2" , "neutral", 2.0
309 , "CRT" , "8-5-2" , "invalid", 3.0
310 , "CRT" , "8-5-2" , "valid", 3.0
310 , "CRT" , "8-5-2" , "neutral", 2.5
310 , "CRT" , "8-5-2" , "invalid", 1.5
311 , "CRT" , "8-5-2" , "valid", 3.0
311 , "CRT" , "8-5-2" , "neutral", 3.0
311 , "CRT" , "8-5-2" , "invalid", 3.5
312 , "CRT" , "8-5-2" , "valid", 3.0
312 , "CRT" , "8-5-2" , "neutral", 2.0
312 , "CRT" , "8-5-2" , "invalid", 7.5
313 , "CRT" , "8-5-2" , "valid", 2.5
313 , "CRT" , "8-5-2" , "neutral", 2.0
313 , "CRT" , "8-5-2" , "invalid", 2.25
314 , "CRT" , "8-5-2" , "valid", 1.5
314 , "CRT" , "8-5-2" , "neutral", 2.0
314 , "CRT" , "8-5-2" , "invalid", 1.75
315 , "CRT" , "8-5-2" , "valid", 2.0
315 , "CRT" , "8-5-2" , "neutral", 2.5
315 , "CRT" , "8-5-2" , "invalid", 3.5
316 , "CRT" , "8-5-2" , "valid", 6.0
316 , "CRT" , "8-5-2" , "neutral", 4.5
316 , "CRT" , "8-5-2" , "invalid", 14.0
317 , "CRT" , "8-5-2" , "valid", 3.5
317 , "CRT" , "8-5-2" , "neutral", 3.5
317 , "CRT" , "8-5-2" , "invalid", 3.5
318 , "CRT" , "8-5-2" , "valid", 1.0
318 , "CRT" , "8-5-2" , "neutral", 1.0
318 , "CRT" , "8-5-2" , "invalid", 1.0
319 , "CRT" , "8-5-2" , "valid", 1.5
319 , "CRT" , "8-5-2" , "neutral", 1.5
319 , "CRT" , "8-5-2" , "invalid", 2.0
320 , "CRT" , "8-5-2" , "valid", 2.0
320 , "CRT" , "8-5-2" , "neutral", 1
320 , "CRT" , "8-5-2" , "invalid", 2.5
321 , "CRT" , "8-5-2" , "valid", 3.0
321 , "CRT" , "8-5-2" , "neutral", 5.5
321 , "CRT" , "8-5-2" , "invalid", 2.5
322 , "CRT" , "8-5-2" , "valid", 3.5
322 , "CRT" , "8-5-2" , "neutral", 3.0
322 , "CRT" , "8-5-2" , "invalid", 2.5
323 , "CRT" , "8-5-2" , "valid", 3.0
323 , "CRT" , "8-5-2" , "neutral", 5.0
323 , "CRT" , "8-5-2" , "invalid", 6.0
324 , "CRT" , "8-5-2" , "valid", 3.5
324 , "CRT" , "8-5-2" , "neutral", 4.5
324 , "CRT" , "8-5-2" , "invalid", 6.5
325 , "CRT" , "8-5-2" , "valid", 1.0
325 , "CRT" , "8-5-2" , "neutral", 3.5
325 , "CRT" , "8-5-2" , "invalid", 3.5
326 , "CRT" , "8-5-2" , "valid", 1.0
326 , "CRT" , "8-5-2" , "neutral", 1.0
326 , "CRT" , "8-5-2" , "invalid", 1.5
327 , "CRT" , "8-5-2" , "valid", 1.5
327 , "CRT" , "8-5-2" , "neutral", 2
327 , "CRT" , "8-5-2" , "invalid", 2.0
328 , "CRT" , "8-5-2" , "valid", 4.0
328 , "CRT" , "8-5-2" , "neutral", 5.5
328 , "CRT" , "8-5-2" , "invalid", 5.5
329 , "CRT" , "8-5-2" , "valid", 2.5
329 , "CRT" , "8-5-2" , "neutral", 1.5
329 , "CRT" , "8-5-2" , "invalid", 4.0
330 , "CRT" , "8-5-2" , "valid", 2.0
330 , "CRT" , "8-5-2" , "neutral", 4.0
330 , "CRT" , "8-5-2" , "invalid", 6.0
331 , "CRT" , "8-5-2" , "valid", 5.0
331 , "CRT" , "8-5-2" , "neutral", 5.5
331 , "CRT" , "8-5-2" , "invalid", 6.5
332 , "CRT" , "8-5-2" , "valid", 6.5
332 , "CRT" , "8-5-2" , "neutral", 5.0
332 , "CRT" , "8-5-2" , "invalid", 11.75
333 , "CRT" , "8-5-2" , "valid", 3.0
333 , "CRT" , "8-5-2" , "neutral", 3.0
333 , "CRT" , "8-5-2" , "invalid", 4.0
334 , "CRT" , "8-5-2" , "valid", 2.5
334 , "CRT" , "8-5-2" , "neutral", 3.0
334 , "CRT" , "8-5-2" , "invalid", 4.5
335 , "CRT" , "8-5-2" , "valid", 2.0
335 , "CRT" , "8-5-2" , "neutral", 4.75
335 , "CRT" , "8-5-2" , "invalid", 5.5
336 , "CRT" , "8-5-2" , "valid", 1.5
336 , "CRT" , "8-5-2" , "neutral", 2.0
336 , "CRT" , "8-5-2" , "invalid", 4.5
337 , "CRT" , "8-5-2" , "valid", 1.5
337 , "CRT" , "8-5-2" , "neutral", 2.0
337 , "CRT" , "8-5-2" , "invalid", 2.5
338 , "CRT" , "8-5-2" , "valid", 4.0
338 , "CRT" , "8-5-2" , "neutral", 4.5
338 , "CRT" , "8-5-2" , "invalid", 7.75
339 , "CRT" , "8-5-2" , "valid", 2.0
339 , "CRT" , "8-5-2" , "neutral", 1.5
339 , "CRT" , "8-5-2" , "invalid", 2.0
340 , "CRT" , "8-5-2" , "valid", 1.0
340 , "CRT" , "8-5-2" , "neutral", 1.5
340 , "CRT" , "8-5-2" , "invalid", 1.0
341 , "CRT" , "8-5-2" , "valid", 4.0
341 , "CRT" , "8-5-2" , "neutral", 4.5
341 , "CRT" , "8-5-2" , "invalid", 8.0
342 , "CRT" , "8-5-2" , "valid", 3.0
342 , "CRT" , "8-5-2" , "neutral", 2.0
342 , "CRT" , "8-5-2" , "invalid", 5.0
343 , "CRT" , "8-5-2" , "valid", 3.0
343 , "CRT" , "8-5-2" , "neutral", 4.0
343 , "CRT" , "8-5-2" , "invalid", 7
344 , "CRT" , "8-5-2" , "valid", 1.0
344 , "CRT" , "8-5-2" , "neutral", 1.5
344 , "CRT" , "8-5-2" , "invalid", 3.0
345 , "CRT" , "8-5-2" , "valid", 1.5
345 , "CRT" , "8-5-2" , "neutral", 1.5
345 , "CRT" , "8-5-2" , "invalid", 1.0
346 , "CRT" , "8-5-2" , "valid", 2.5
346 , "CRT" , "8-5-2" , "neutral", 3.5
346 , "CRT" , "8-5-2" , "invalid", 6.5
347 , "CRT" , "8-5-2" , "valid", 2.0
347 , "CRT" , "8-5-2" , "neutral", 2.0
347 , "CRT" , "8-5-2" , "invalid", 2.5
348 , "CRT" , "8-5-2" , "valid", 7.5
348 , "CRT" , "8-5-2" , "neutral", 8.0
348 , "CRT" , "8-5-2" , "invalid", 8.5
349 , "CRT" , "8-5-2" , "valid", 1.0
349 , "CRT" , "8-5-2" , "neutral", 1
349 , "CRT" , "8-5-2" , "invalid", 1.0
350 , "CRT" , "8-5-2" , "valid", 5.0
350 , "CRT" , "8-5-2" , "neutral", 10.0
350 , "CRT" , "8-5-2" , "invalid", 7.0
351 , "CRT" , "8-5-2" , "valid", 2.5
351 , "CRT" , "8-5-2" , "neutral", 3.0
351 , "CRT" , "8-5-2" , "invalid", 5.0
352 , "CRT" , "8-5-2" , "valid", 2.0
352 , "CRT" , "8-5-2" , "neutral", 2.25
352 , "CRT" , "8-5-2" , "invalid", 3.0
353 , "CRT" , "8-5-2" , "valid", 1.0
353 , "CRT" , "8-5-2" , "neutral", 1.0
353 , "CRT" , "8-5-2" , "invalid", 1.0
354 , "CRT" , "8-5-2" , "valid", 4.0
354 , "CRT" , "8-5-2" , "neutral", 5.0
354 , "CRT" , "8-5-2" , "invalid", 5.0
355 , "CRT" , "8-5-2" , "valid", 7.5
355 , "CRT" , "8-5-2" , "neutral", 5.5
355 , "CRT" , "8-5-2" , "invalid", 7.5
356 , "CRT" , "8-5-2" , "valid", 1.5
356 , "CRT" , "8-5-2" , "neutral", 5.0
356 , "CRT" , "8-5-2" , "invalid", 5.5
357 , "CRT" , "8-5-2" , "valid", 4.0
357 , "CRT" , "8-5-2" , "neutral", 8.5
357 , "CRT" , "8-5-2" , "invalid", 6.5
358 , "CRT" , "8-5-2" , "valid", 4.0
358 , "CRT" , "8-5-2" , "neutral", 2.0
358 , "CRT" , "8-5-2" , "invalid", 5.5
359 , "CRT" , "8-5-2" , "valid", 5.0
359 , "CRT" , "8-5-2" , "neutral", 4.75
359 , "CRT" , "8-5-2" , "invalid", 3.0
360 , "CRT" , "8-5-2" , "valid", 4.0
360 , "CRT" , "8-5-2" , "neutral", 3.0
360 , "CRT" , "8-5-2" , "invalid", 3.5
361 , "CRT" , "8-5-2" , "valid", 2.5
361 , "CRT" , "8-5-2" , "neutral", 3.0
361 , "CRT" , "8-5-2" , "invalid", 3.5
362 , "CRT" , "8-5-2" , "valid", 1.0
362 , "CRT" , "8-5-2" , "neutral", 1.5
362 , "CRT" , "8-5-2" , "invalid", 1.5
363 , "CRT" , "8-5-2" , "valid", 4.0
363 , "CRT" , "8-5-2" , "neutral", 5.0
363 , "CRT" , "8-5-2" , "invalid", 3.0
364 , "CRT" , "8-5-2" , "valid", 5.0
364 , "CRT" , "8-5-2" , "neutral", 7.0
364 , "CRT" , "8-5-2" , "invalid", 8.5
365 , "CRT" , "8-5-2" , "valid", 2.0
365 , "CRT" , "8-5-2" , "neutral", 2.0
365 , "CRT" , "8-5-2" , "invalid", 2.0
366 , "CRT" , "8-5-2" , "valid", 3.0
366 , "CRT" , "8-5-2" , "neutral", 2.0
366 , "CRT" , "8-5-2" , "invalid", 4.0
367 , "CRT" , "8-5-2" , "valid", 1.5
367 , "CRT" , "8-5-2" , "neutral", 1.5
367 , "CRT" , "8-5-2" , "invalid", 4.0
368 , "CRT" , "8-5-2" , "valid", 4.0
368 , "CRT" , "8-5-2" , "neutral", 3.0
368 , "CRT" , "8-5-2" , "invalid", 6.5
369 , "CRT" , "8-5-2" , "valid", 1.0
369 , "CRT" , "8-5-2" , "neutral", 1.0
369 , "CRT" , "8-5-2" , "invalid", 1.0
370 , "CRT" , "8-5-2" , "valid", 3.0
370 , "CRT" , "8-5-2" , "neutral", 6.0
370 , "CRT" , "8-5-2" , "invalid", 6.0
371 , "CRT" , "8-5-2" , "valid", 10.5
371 , "CRT" , "8-5-2" , "neutral", 7.0
371 , "CRT" , "8-5-2" , "invalid", 6.0
372 , "CRT" , "8-5-2" , "valid", 2.0
372 , "CRT" , "8-5-2" , "neutral", 2.5
372 , "CRT" , "8-5-2" , "invalid", 2.5
373 , "CRT" , "8-5-2" , "valid", 2.0
373 , "CRT" , "8-5-2" , "neutral", 3.0
373 , "CRT" , "8-5-2" , "invalid", 4.5
374 , "CRT" , "8-5-2" , "valid", 5.0
374 , "CRT" , "8-5-2" , "neutral", 5.75
374 , "CRT" , "8-5-2" , "invalid", 4.5
375 , "CRT" , "8-5-2" , "valid", 1.0
375 , "CRT" , "8-5-2" , "neutral", 1.0
375 , "CRT" , "8-5-2" , "invalid", 1.5
376 , "CRT" , "8-5-2" , "valid", 6.0
376 , "CRT" , "8-5-2" , "neutral", 5.0
376 , "CRT" , "8-5-2" , "invalid", 8.0
377 , "CRT" , "8-5-2" , "valid", 5.0
377 , "CRT" , "8-5-2" , "neutral", 6.75
377 , "CRT" , "8-5-2" , "invalid", 7.5
378 , "CRT" , "8-5-2" , "valid", 3.0
378 , "CRT" , "8-5-2" , "neutral", 3.0
378 , "CRT" , "8-5-2" , "invalid", 2.5
379 , "CRT" , "8-5-2" , "valid", 3.75
379 , "CRT" , "8-5-2" , "neutral", 6.25
379 , "CRT" , "8-5-2" , "invalid", 6.5
380 , "CRT" , "8-5-2" , "valid", 2.0
380 , "CRT" , "8-5-2" , "neutral", 3.5
380 , "CRT" , "8-5-2" , "invalid", 5.0
381 , "CRT" , "8-5-2" , "valid", 2.0
381 , "CRT" , "8-5-2" , "neutral", 2.0
381 , "CRT" , "8-5-2" , "invalid", 2.0
382 , "CRT" , "8-5-2" , "valid", 6.5
382 , "CRT" , "8-5-2" , "neutral", 1
382 , "CRT" , "8-5-2" , "invalid", 1.5
383 , "CRT" , "8-5-2" , "valid", 2.5
383 , "CRT" , "8-5-2" , "neutral", 3.5
383 , "CRT" , "8-5-2" , "invalid", 6.0
384 , "CRT" , "8-5-2" , "valid", 1.5
384 , "CRT" , "8-5-2" , "neutral", 1.5
384 , "CRT" , "8-5-2" , "invalid", 1.5
385 , "CRT" , "8-5-2" , "valid", 2.5
385 , "CRT" , "8-5-2" , "neutral", 2.5
385 , "CRT" , "8-5-2" , "invalid", 5.0
386 , "CRT" , "8-5-2" , "valid", 7.0
386 , "CRT" , "8-5-2" , "neutral", 4.0
386 , "CRT" , "8-5-2" , "invalid", 9.0
387 , "CRT" , "8-5-2" , "valid", 1.0
387 , "CRT" , "8-5-2" , "neutral", 1.0
387 , "CRT" , "8-5-2" , "invalid", 1.0
388 , "CRT" , "8-5-2" , "valid", 2.5
388 , "CRT" , "8-5-2" , "neutral", 4.5
388 , "CRT" , "8-5-2" , "invalid", 2.5
389 , "CRT" , "8-5-2" , "valid", 2.5
389 , "CRT" , "8-5-2" , "neutral", 2.5
389 , "CRT" , "8-5-2" , "invalid", 3.0
390 , "CRT" , "8-5-2" , "valid", 4.0
390 , "CRT" , "8-5-2" , "neutral", 3.5
390 , "CRT" , "8-5-2" , "invalid", 3.5
391 , "CRT" , "8-5-2" , "valid", 1.0
391 , "CRT" , "8-5-2" , "neutral", 1
391 , "CRT" , "8-5-2" , "invalid", 1.0
392 , "CRT" , "8-5-2" , "valid", 2.0
392 , "CRT" , "8-5-2" , "neutral", 1.0
392 , "CRT" , "8-5-2" , "invalid", 1.0
393 , "CRT" , "8-5-2" , "valid", 1.0
393 , "CRT" , "8-5-2" , "neutral", 2.0
393 , "CRT" , "8-5-2" , "invalid", 2.0
394 , "CRT" , "8-5-2" , "valid", 3.0
394 , "CRT" , "8-5-2" , "neutral", 3.0
394 , "CRT" , "8-5-2" , "invalid", 6.0
395 , "CRT" , "8-5-2" , "valid", 5.0
395 , "CRT" , "8-5-2" , "neutral", 4.5
395 , "CRT" , "8-5-2" , "invalid", 6.5
396 , "CRT" , "8-5-2" , "valid", 2.5
396 , "CRT" , "8-5-2" , "neutral", 2.5
396 , "CRT" , "8-5-2" , "invalid", 8.5
397 , "CRT" , "8-5-2" , "valid", 3.0
397 , "CRT" , "8-5-2" , "neutral", 2.5
397 , "CRT" , "8-5-2" , "invalid", 3.0
398 , "CRT" , "8-5-2" , "valid", 2.25
398 , "CRT" , "8-5-2" , "neutral", 1.5
398 , "CRT" , "8-5-2" , "invalid", 1.5
399 , "CRT" , "8-5-2" , "valid", 2.0
399 , "CRT" , "8-5-2" , "neutral", 2.5
399 , "CRT" , "8-5-2" , "invalid", 3.0
400 , "CRT" , "8-5-2" , "valid", 3.0
400 , "CRT" , "8-5-2" , "neutral", 10.0
400 , "CRT" , "8-5-2" , "invalid", 6
401 , "SRT" , "8-8-2" , "valid", 1.0
401 , "SRT" , "8-8-2" , "neutral", 1.5
401 , "SRT" , "8-8-2" , "invalid", 2.5
402 , "SRT" , "8-8-2" , "valid", 2.0
402 , "SRT" , "8-8-2" , "neutral", 2.0
402 , "SRT" , "8-8-2" , "invalid", 2.5
403 , "SRT" , "8-8-2" , "valid", 2.0
403 , "SRT" , "8-8-2" , "neutral", 1.5
403 , "SRT" , "8-8-2" , "invalid", 2.5
404 , "SRT" , "8-8-2" , "valid", 2.0
404 , "SRT" , "8-8-2" , "neutral", 1.0
404 , "SRT" , "8-8-2" , "invalid", 3.0
405 , "SRT" , "8-8-2" , "valid", 1.0
405 , "SRT" , "8-8-2" , "neutral", 1.0
405 , "SRT" , "8-8-2" , "invalid", 1.0
406 , "SRT" , "8-8-2" , "valid", 4.25
406 , "SRT" , "8-8-2" , "neutral", 4.0
406 , "SRT" , "8-8-2" , "invalid", 5.25
407 , "SRT" , "8-8-2" , "valid", 2.0
407 , "SRT" , "8-8-2" , "neutral", 2.5
407 , "SRT" , "8-8-2" , "invalid", 2.5
408 , "SRT" , "8-8-2" , "valid", 6.0
408 , "SRT" , "8-8-2" , "neutral", 5.0
408 , "SRT" , "8-8-2" , "invalid", 8.0
409 , "SRT" , "8-8-2" , "valid", 1.5
409 , "SRT" , "8-8-2" , "neutral", 2.0
409 , "SRT" , "8-8-2" , "invalid", 2.0
410 , "SRT" , "8-8-2" , "valid", 5.0
410 , "SRT" , "8-8-2" , "neutral", 3.5
410 , "SRT" , "8-8-2" , "invalid", 5.0
411 , "SRT" , "8-8-2" , "valid", 1.0
411 , "SRT" , "8-8-2" , "neutral", 1.0
411 , "SRT" , "8-8-2" , "invalid", 2.0
412 , "SRT" , "8-8-2" , "valid", 5.0
412 , "SRT" , "8-8-2" , "neutral", 4.0
412 , "SRT" , "8-8-2" , "invalid", 5.0
413 , "SRT" , "8-8-2" , "valid", 4.0
413 , "SRT" , "8-8-2" , "neutral", 4.5
413 , "SRT" , "8-8-2" , "invalid", 5.25
414 , "SRT" , "8-8-2" , "valid", 2.5
414 , "SRT" , "8-8-2" , "neutral", 1.5
414 , "SRT" , "8-8-2" , "invalid", 2.0
415 , "SRT" , "8-8-2" , "valid", 3.0
415 , "SRT" , "8-8-2" , "neutral", 2.25
415 , "SRT" , "8-8-2" , "invalid", 3.5
416 , "SRT" , "8-8-2" , "valid", 2.5
416 , "SRT" , "8-8-2" , "neutral", 2.5
416 , "SRT" , "8-8-2" , "invalid", 2.5
417 , "SRT" , "8-8-2" , "valid", 3.5
417 , "SRT" , "8-8-2" , "neutral", 2.0
417 , "SRT" , "8-8-2" , "invalid", 6.5
418 , "SRT" , "8-8-2" , "valid", 5.5
418 , "SRT" , "8-8-2" , "neutral", 3.0
418 , "SRT" , "8-8-2" , "invalid", 5.5
419 , "SRT" , "8-8-2" , "valid", 4.0
419 , "SRT" , "8-8-2" , "neutral", 7.0
419 , "SRT" , "8-8-2" , "invalid", 6.0
420 , "SRT" , "8-8-2" , "valid", 1.0
420 , "SRT" , "8-8-2" , "neutral", 1.0
420 , "SRT" , "8-8-2" , "invalid", 1.5
421 , "SRT" , "8-8-2" , "valid", 4.0
421 , "SRT" , "8-8-2" , "neutral", 3.5
421 , "SRT" , "8-8-2" , "invalid", 4.5
422 , "SRT" , "8-8-2" , "valid", 3.0
422 , "SRT" , "8-8-2" , "neutral", 2.5
422 , "SRT" , "8-8-2" , "invalid", 2.5
423 , "SRT" , "8-8-2" , "valid", 2.0
423 , "SRT" , "8-8-2" , "neutral", 2.0
423 , "SRT" , "8-8-2" , "invalid", 4.0
424 , "SRT" , "8-8-2" , "valid", 2.0
424 , "SRT" , "8-8-2" , "neutral", 3.0
424 , "SRT" , "8-8-2" , "invalid", 5.25
425 , "SRT" , "8-8-2" , "valid", 4.5
425 , "SRT" , "8-8-2" , "neutral", 4.0
425 , "SRT" , "8-8-2" , "invalid", 3.75
426 , "SRT" , "8-8-2" , "valid", 1.5
426 , "SRT" , "8-8-2" , "neutral", 2.0
426 , "SRT" , "8-8-2" , "invalid", 2.0
427 , "SRT" , "8-8-2" , "valid", 3.0
427 , "SRT" , "8-8-2" , "neutral", 2.5
427 , "SRT" , "8-8-2" , "invalid", 3.5
428 , "SRT" , "8-8-2" , "valid", 2.0
428 , "SRT" , "8-8-2" , "neutral", 1.5
428 , "SRT" , "8-8-2" , "invalid", 3.0
429 , "SRT" , "8-8-2" , "valid", 2.0
429 , "SRT" , "8-8-2" , "neutral", 2.0
429 , "SRT" , "8-8-2" , "invalid", 4.0
430 , "SRT" , "8-8-2" , "valid", 1.5
430 , "SRT" , "8-8-2" , "neutral", 1.0
430 , "SRT" , "8-8-2" , "invalid", 2.5
431 , "SRT" , "8-8-2" , "valid", 7.5
431 , "SRT" , "8-8-2" , "neutral", 4.0
431 , "SRT" , "8-8-2" , "invalid", 5.0
432 , "SRT" , "8-8-2" , "valid", 4.0
432 , "SRT" , "8-8-2" , "neutral", 5.0
432 , "SRT" , "8-8-2" , "invalid", 3.0
433 , "SRT" , "8-8-2" , "valid", 2.5
433 , "SRT" , "8-8-2" , "neutral", 3.0
433 , "SRT" , "8-8-2" , "invalid", 2.5
434 , "SRT" , "8-8-2" , "valid", 2.5
434 , "SRT" , "8-8-2" , "neutral", 2.5
434 , "SRT" , "8-8-2" , "invalid", 3.0
435 , "SRT" , "8-8-2" , "valid", 7.0
435 , "SRT" , "8-8-2" , "neutral", 2.5
435 , "SRT" , "8-8-2" , "invalid", 7.5
436 , "SRT" , "8-8-2" , "valid", 2.5
436 , "SRT" , "8-8-2" , "neutral", 2.5
436 , "SRT" , "8-8-2" , "invalid", 2.5
437 , "SRT" , "8-8-2" , "valid", 1.5
437 , "SRT" , "8-8-2" , "neutral", 1.0
437 , "SRT" , "8-8-2" , "invalid", 1.5
438 , "SRT" , "8-8-2" , "valid", 2.5
438 , "SRT" , "8-8-2" , "neutral", 2.0
438 , "SRT" , "8-8-2" , "invalid", 2.5
439 , "SRT" , "8-8-2" , "valid", 3.0
439 , "SRT" , "8-8-2" , "neutral", 4.0
439 , "SRT" , "8-8-2" , "invalid", 4.5
440 , "SRT" , "8-8-2" , "valid", 2.0
440 , "SRT" , "8-8-2" , "neutral", 2.0
440 , "SRT" , "8-8-2" , "invalid", 2.5
441 , "SRT" , "8-8-2" , "valid", 2.0
441 , "SRT" , "8-8-2" , "neutral", 1.5
441 , "SRT" , "8-8-2" , "invalid", 2.5
442 , "SRT" , "8-8-2" , "valid", 4.0
442 , "SRT" , "8-8-2" , "neutral", 5.0
442 , "SRT" , "8-8-2" , "invalid", 4.0
443 , "SRT" , "8-8-2" , "valid", 2.0
443 , "SRT" , "8-8-2" , "neutral", 2.0
443 , "SRT" , "8-8-2" , "invalid", 2.5
444 , "SRT" , "8-8-2" , "valid", 3.0
444 , "SRT" , "8-8-2" , "neutral", 3.0
444 , "SRT" , "8-8-2" , "invalid", 3.5
445 , "SRT" , "8-8-2" , "valid", 5.0
445 , "SRT" , "8-8-2" , "neutral", 3.5
445 , "SRT" , "8-8-2" , "invalid", 5.75
446 , "SRT" , "8-8-2" , "valid", 3.0
446 , "SRT" , "8-8-2" , "neutral", 3.5
446 , "SRT" , "8-8-2" , "invalid", 3.5
447 , "SRT" , "8-8-2" , "valid", 2.0
447 , "SRT" , "8-8-2" , "neutral", 4.0
447 , "SRT" , "8-8-2" , "invalid", 2.0
448 , "SRT" , "8-8-2" , "valid", 2.5
448 , "SRT" , "8-8-2" , "neutral", 3.0
448 , "SRT" , "8-8-2" , "invalid", 4.0
449 , "SRT" , "8-8-2" , "valid", 3.0
449 , "SRT" , "8-8-2" , "neutral", 2.0
449 , "SRT" , "8-8-2" , "invalid", 4.0
450 , "SRT" , "8-8-2" , "valid", 2.5
450 , "SRT" , "8-8-2" , "neutral", 6.0
450 , "SRT" , "8-8-2" , "invalid", 3.0
451 , "SRT" , "8-8-2" , "valid", 4.5
451 , "SRT" , "8-8-2" , "neutral", 4.5
451 , "SRT" , "8-8-2" , "invalid", 4.5
452 , "SRT" , "8-8-2" , "valid", 1.5
452 , "SRT" , "8-8-2" , "neutral", 1.0
452 , "SRT" , "8-8-2" , "invalid", 1.5
453 , "SRT" , "8-8-2" , "valid", 1.0
453 , "SRT" , "8-8-2" , "neutral", 2.0
453 , "SRT" , "8-8-2" , "invalid", 1.5
454 , "SRT" , "8-8-2" , "valid", 2.0
454 , "SRT" , "8-8-2" , "neutral", 2.0
454 , "SRT" , "8-8-2" , "invalid", 2.5
455 , "SRT" , "8-8-2" , "valid", 4.5
455 , "SRT" , "8-8-2" , "neutral", 4.0
455 , "SRT" , "8-8-2" , "invalid", 4.0
456 , "SRT" , "8-8-2" , "valid", 3.0
456 , "SRT" , "8-8-2" , "neutral", 2.0
456 , "SRT" , "8-8-2" , "invalid", 2.5
457 , "SRT" , "8-8-2" , "valid", 2.0
457 , "SRT" , "8-8-2" , "neutral", 2.0
457 , "SRT" , "8-8-2" , "invalid", 2.5
458 , "SRT" , "8-8-2" , "valid", 2.0
458 , "SRT" , "8-8-2" , "neutral", 2.0
458 , "SRT" , "8-8-2" , "invalid", 2.5
459 , "SRT" , "8-8-2" , "valid", 2.0
459 , "SRT" , "8-8-2" , "neutral", 2.0
459 , "SRT" , "8-8-2" , "invalid", 2.5
460 , "SRT" , "8-8-2" , "valid", 2.0
460 , "SRT" , "8-8-2" , "neutral", 2.0
460 , "SRT" , "8-8-2" , "invalid", 2.0
461 , "SRT" , "8-8-2" , "valid", 2.0
461 , "SRT" , "8-8-2" , "neutral", 2.0
461 , "SRT" , "8-8-2" , "invalid", 3.0
462 , "SRT" , "8-8-2" , "valid", 3.0
462 , "SRT" , "8-8-2" , "neutral", 3.0
462 , "SRT" , "8-8-2" , "invalid", 3.5
463 , "SRT" , "8-8-2" , "valid", 2.5
463 , "SRT" , "8-8-2" , "neutral", 1.0
463 , "SRT" , "8-8-2" , "invalid", 2.5
464 , "SRT" , "8-8-2" , "valid", 2.0
464 , "SRT" , "8-8-2" , "neutral", 2.0
464 , "SRT" , "8-8-2" , "invalid", 2
465 , "SRT" , "8-8-2" , "valid", 4.0
465 , "SRT" , "8-8-2" , "neutral", 2.0
465 , "SRT" , "8-8-2" , "invalid", 4.5
466 , "SRT" , "8-8-2" , "valid", 2.5
466 , "SRT" , "8-8-2" , "neutral", 2.0
466 , "SRT" , "8-8-2" , "invalid", 2.5
467 , "SRT" , "8-8-2" , "valid", 3.0
467 , "SRT" , "8-8-2" , "neutral", 2.0
467 , "SRT" , "8-8-2" , "invalid", 2.0
468 , "SRT" , "8-8-2" , "valid", 3.5
468 , "SRT" , "8-8-2" , "neutral", 3.5
468 , "SRT" , "8-8-2" , "invalid", 5.0
469 , "SRT" , "8-8-2" , "valid", 7.5
469 , "SRT" , "8-8-2" , "neutral", 8.0
469 , "SRT" , "8-8-2" , "invalid", 8.5
470 , "SRT" , "8-8-2" , "valid", 1.5
470 , "SRT" , "8-8-2" , "neutral", 2.0
470 , "SRT" , "8-8-2" , "invalid", 2.5
471 , "SRT" , "8-8-2" , "valid", 2.0
471 , "SRT" , "8-8-2" , "neutral", 2.0
471 , "SRT" , "8-8-2" , "invalid", 2.0
472 , "SRT" , "8-8-2" , "valid", 2.75
472 , "SRT" , "8-8-2" , "neutral", 4.0
472 , "SRT" , "8-8-2" , "invalid", 2.5
473 , "SRT" , "8-8-2" , "valid", 3.0
473 , "SRT" , "8-8-2" , "neutral", 3.0
473 , "SRT" , "8-8-2" , "invalid", 2.0
474 , "SRT" , "8-8-2" , "valid", 7.0
474 , "SRT" , "8-8-2" , "neutral", 9.0
474 , "SRT" , "8-8-2" , "invalid", 7.0
475 , "SRT" , "8-8-2" , "valid", 9.0
475 , "SRT" , "8-8-2" , "neutral", 10.0
475 , "SRT" , "8-8-2" , "invalid", 9.5
476 , "SRT" , "8-8-2" , "valid", 2.0
476 , "SRT" , "8-8-2" , "neutral", 1.0
476 , "SRT" , "8-8-2" , "invalid", 1.0
477 , "SRT" , "8-8-2" , "valid", 1.5
477 , "SRT" , "8-8-2" , "neutral", 2.0
477 , "SRT" , "8-8-2" , "invalid", 1.5
478 , "SRT" , "8-8-2" , "valid", 3.0
478 , "SRT" , "8-8-2" , "neutral", 4.5
478 , "SRT" , "8-8-2" , "invalid", 4.0
479 , "SRT" , "8-8-2" , "valid", 2.0
479 , "SRT" , "8-8-2" , "neutral", 2.0
479 , "SRT" , "8-8-2" , "invalid", 2.5
480 , "SRT" , "8-8-2" , "valid", 1.0
480 , "SRT" , "8-8-2" , "neutral", 1.0
480 , "SRT" , "8-8-2" , "invalid", 1.0
481 , "SRT" , "8-8-2" , "valid", 5.0
481 , "SRT" , "8-8-2" , "neutral", 3.0
481 , "SRT" , "8-8-2" , "invalid", 5.0
482 , "SRT" , "8-8-2" , "valid", 1.5
482 , "SRT" , "8-8-2" , "neutral", 2.5
482 , "SRT" , "8-8-2" , "invalid", 2.0
483 , "SRT" , "8-8-2" , "valid", 2.0
483 , "SRT" , "8-8-2" , "neutral", 2.0
483 , "SRT" , "8-8-2" , "invalid", 2.0
484 , "SRT" , "8-8-2" , "valid", 4.5
484 , "SRT" , "8-8-2" , "neutral", 1.5
484 , "SRT" , "8-8-2" , "invalid", 4.5
485 , "SRT" , "8-8-2" , "valid", 6.0
485 , "SRT" , "8-8-2" , "neutral", 5.0
485 , "SRT" , "8-8-2" , "invalid", 6.25
486 , "SRT" , "8-8-2" , "valid", 6.25
486 , "SRT" , "8-8-2" , "neutral", 6.0
486 , "SRT" , "8-8-2" , "invalid", 7.0
487 , "SRT" , "8-8-2" , "valid", 1.75
487 , "SRT" , "8-8-2" , "neutral", 1.5
487 , "SRT" , "8-8-2" , "invalid", 2.0
488 , "SRT" , "8-8-2" , "valid", 1.5
488 , "SRT" , "8-8-2" , "neutral", 2.0
488 , "SRT" , "8-8-2" , "invalid", 2.0
489 , "SRT" , "8-8-2" , "valid", 4.0
489 , "SRT" , "8-8-2" , "neutral", 4.0
489 , "SRT" , "8-8-2" , "invalid", 4.5
490 , "SRT" , "8-8-2" , "valid", 3.0
490 , "SRT" , "8-8-2" , "neutral", 3.0
490 , "SRT" , "8-8-2" , "invalid", 3.0
491 , "SRT" , "8-8-2" , "valid", 4.5
491 , "SRT" , "8-8-2" , "neutral", 3.0
491 , "SRT" , "8-8-2" , "invalid", 5.5
492 , "SRT" , "8-8-2" , "valid", 1.5
492 , "SRT" , "8-8-2" , "neutral", 2.0
492 , "SRT" , "8-8-2" , "invalid", 1.5
493 , "SRT" , "8-8-2" , "valid", 2.5
493 , "SRT" , "8-8-2" , "neutral", 2.0
493 , "SRT" , "8-8-2" , "invalid", 2.5
494 , "SRT" , "8-8-2" , "valid", 1.0
494 , "SRT" , "8-8-2" , "neutral", 1.0
494 , "SRT" , "8-8-2" , "invalid", 1.5
495 , "SRT" , "8-8-2" , "valid", 3.0
495 , "SRT" , "8-8-2" , "neutral", 2.5
495 , "SRT" , "8-8-2" , "invalid", 3.5
496 , "SRT" , "8-8-2" , "valid", 6.0
496 , "SRT" , "8-8-2" , "neutral", 6.5
496 , "SRT" , "8-8-2" , "invalid", 7.5
497 , "SRT" , "8-8-2" , "valid", 4.5
497 , "SRT" , "8-8-2" , "neutral", 3.0
497 , "SRT" , "8-8-2" , "invalid", 5.0
498 , "SRT" , "8-8-2" , "valid", 4.5
498 , "SRT" , "8-8-2" , "neutral", 4.5
498 , "SRT" , "8-8-2" , "invalid", 4.5
499 , "SRT" , "8-8-2" , "valid", 2.0
499 , "SRT" , "8-8-2" , "neutral", 2.0
499 , "SRT" , "8-8-2" , "invalid", 3.0
500 , "SRT" , "8-8-2" , "valid", 5.0
500 , "SRT" , "8-8-2" , "neutral", 2.5
500 , "SRT" , "8-8-2" , "invalid", 4.0
501 , "SRT" , "8-8-2" , "valid", 4.0
501 , "SRT" , "8-8-2" , "neutral", 3.0
501 , "SRT" , "8-8-2" , "invalid", 4.0
502 , "SRT" , "8-8-2" , "valid", 1.5
502 , "SRT" , "8-8-2" , "neutral", 2.0
502 , "SRT" , "8-8-2" , "invalid", 2.0
503 , "SRT" , "8-8-2" , "valid", 1.5
503 , "SRT" , "8-8-2" , "neutral", 1.5
503 , "SRT" , "8-8-2" , "invalid", 2.5
504 , "SRT" , "8-8-2" , "valid", 1.5
504 , "SRT" , "8-8-2" , "neutral", 2.0
504 , "SRT" , "8-8-2" , "invalid", 1.5
505 , "SRT" , "8-8-2" , "valid", 3.0
505 , "SRT" , "8-8-2" , "neutral", 2.5
505 , "SRT" , "8-8-2" , "invalid", 2.5
506 , "SRT" , "8-8-2" , "valid", 5.5
506 , "SRT" , "8-8-2" , "neutral", 8.0
506 , "SRT" , "8-8-2" , "invalid", 5.75
507 , "SRT" , "8-8-2" , "valid", 2.5
507 , "SRT" , "8-8-2" , "neutral", 2.0
507 , "SRT" , "8-8-2" , "invalid", 2.5
508 , "SRT" , "8-8-2" , "valid", 5.0
508 , "SRT" , "8-8-2" , "neutral", 3.5
508 , "SRT" , "8-8-2" , "invalid", 5.0
509 , "SRT" , "8-8-2" , "valid", 6.0
509 , "SRT" , "8-8-2" , "neutral", 6.0
509 , "SRT" , "8-8-2" , "invalid", 5.5
510 , "SRT" , "8-8-2" , "valid", 5.5
510 , "SRT" , "8-8-2" , "neutral", 5.0
510 , "SRT" , "8-8-2" , "invalid", 6.5
511 , "SRT" , "8-8-2" , "valid", 2.5
511 , "SRT" , "8-8-2" , "neutral", 2.5
511 , "SRT" , "8-8-2" , "invalid", 4.0
512 , "SRT" , "8-8-2" , "valid", 4.0
512 , "SRT" , "8-8-2" , "neutral", 4.0
512 , "SRT" , "8-8-2" , "invalid", 4.5
513 , "SRT" , "8-8-2" , "valid", 7.5
513 , "SRT" , "8-8-2" , "neutral", 9.0
513 , "SRT" , "8-8-2" , "invalid", 8.5
514 , "SRT" , "8-8-2" , "valid", 1.5
514 , "SRT" , "8-8-2" , "neutral", 2.0
514 , "SRT" , "8-8-2" , "invalid", 2.5
515 , "SRT" , "8-8-2" , "valid", 2.5
515 , "SRT" , "8-8-2" , "neutral", 3.0
515 , "SRT" , "8-8-2" , "invalid", 2.5
516 , "SRT" , "8-8-2" , "valid", 2.0
516 , "SRT" , "8-8-2" , "neutral", 2.0
516 , "SRT" , "8-8-2" , "invalid", 2.5
517 , "SRT" , "8-8-2" , "valid", 2.0
517 , "SRT" , "8-8-2" , "neutral", 3.25
517 , "SRT" , "8-8-2" , "invalid", 5.0
518 , "SRT" , "8-8-2" , "valid", 1.0
518 , "SRT" , "8-8-2" , "neutral", 1.0
518 , "SRT" , "8-8-2" , "invalid", 1.0
519 , "SRT" , "8-8-2" , "valid", 4.0
519 , "SRT" , "8-8-2" , "neutral", 2.0
519 , "SRT" , "8-8-2" , "invalid", 5.5
520 , "SRT" , "8-8-2" , "valid", 2.0
520 , "SRT" , "8-8-2" , "neutral", 2.0
520 , "SRT" , "8-8-2" , "invalid", 3.75
521 , "SRT" , "8-8-2" , "valid", 4.5
521 , "SRT" , "8-8-2" , "neutral", 4.0
521 , "SRT" , "8-8-2" , "invalid", 5.0
522 , "SRT" , "8-8-2" , "valid", 5.5
522 , "SRT" , "8-8-2" , "neutral", 3.5
522 , "SRT" , "8-8-2" , "invalid", 4.0
523 , "SRT" , "8-8-2" , "valid", 2.25
523 , "SRT" , "8-8-2" , "neutral", 3.0
523 , "SRT" , "8-8-2" , "invalid", 4.0
524 , "SRT" , "8-8-2" , "valid", 4.0
524 , "SRT" , "8-8-2" , "neutral", 6.0
524 , "SRT" , "8-8-2" , "invalid", 5.0
525 , "SRT" , "8-8-2" , "valid", 4.0
525 , "SRT" , "8-8-2" , "neutral", 3.0
525 , "SRT" , "8-8-2" , "invalid", 4.0
526 , "SRT" , "8-8-2" , "valid", 3.0
526 , "SRT" , "8-8-2" , "neutral", 4.0
526 , "SRT" , "8-8-2" , "invalid", 3.5
527 , "SRT" , "8-8-2" , "valid", 2.0
527 , "SRT" , "8-8-2" , "neutral", 2.0
527 , "SRT" , "8-8-2" , "invalid", 2.0
528 , "SRT" , "8-8-2" , "valid", 1.0
528 , "SRT" , "8-8-2" , "neutral", 1.5
528 , "SRT" , "8-8-2" , "invalid", 1.5
529 , "SRT" , "8-8-2" , "valid", 2.0
529 , "SRT" , "8-8-2" , "neutral", 1.5
529 , "SRT" , "8-8-2" , "invalid", 4.5
530 , "SRT" , "8-8-2" , "valid", 1.5
530 , "SRT" , "8-8-2" , "neutral", 2.0
530 , "SRT" , "8-8-2" , "invalid", 3.5
531 , "SRT" , "8-8-2" , "valid", 2.0
531 , "SRT" , "8-8-2" , "neutral", 3.0
531 , "SRT" , "8-8-2" , "invalid", 4.0
532 , "SRT" , "8-8-2" , "valid", 3.5
532 , "SRT" , "8-8-2" , "neutral", 1.5
532 , "SRT" , "8-8-2" , "invalid", 3.0
533 , "SRT" , "8-8-2" , "valid", 7.0
533 , "SRT" , "8-8-2" , "neutral", 7.0
533 , "SRT" , "8-8-2" , "invalid", 6.0
534 , "SRT" , "8-8-2" , "valid", 5.0
534 , "SRT" , "8-8-2" , "neutral", 4.0
534 , "SRT" , "8-8-2" , "invalid", 6.0
535 , "SRT" , "8-8-2" , "valid", 3.5
535 , "SRT" , "8-8-2" , "neutral", 3.0
535 , "SRT" , "8-8-2" , "invalid", 4.5
536 , "SRT" , "8-8-2" , "valid", 2.0
536 , "SRT" , "8-8-2" , "neutral", 1.5
536 , "SRT" , "8-8-2" , "invalid", 1.5
537 , "SRT" , "8-8-2" , "valid", 1.5
537 , "SRT" , "8-8-2" , "neutral", 1.5
537 , "SRT" , "8-8-2" , "invalid", 1.5
538 , "SRT" , "8-8-2" , "valid", 4.0
538 , "SRT" , "8-8-2" , "neutral", 3.5
538 , "SRT" , "8-8-2" , "invalid", 5.0
539 , "SRT" , "8-8-2" , "valid", 2.5
539 , "SRT" , "8-8-2" , "neutral", 2.5
539 , "SRT" , "8-8-2" , "invalid", 2.5
540 , "SRT" , "8-8-2" , "valid", 4.0
540 , "SRT" , "8-8-2" , "neutral", 4.0
540 , "SRT" , "8-8-2" , "invalid", 5.5
541 , "SRT" , "8-8-2" , "valid", 3.0
541 , "SRT" , "8-8-2" , "neutral", 3.0
541 , "SRT" , "8-8-2" , "invalid", 3.5
542 , "SRT" , "8-8-2" , "valid", 4.0
542 , "SRT" , "8-8-2" , "neutral", 2.0
542 , "SRT" , "8-8-2" , "invalid", 2.5
543 , "SRT" , "8-8-2" , "valid", 3.0
543 , "SRT" , "8-8-2" , "neutral", 2.5
543 , "SRT" , "8-8-2" , "invalid", 4.0
544 , "SRT" , "8-8-2" , "valid", 3.0
544 , "SRT" , "8-8-2" , "neutral", 1.5
544 , "SRT" , "8-8-2" , "invalid", 4.0
545 , "SRT" , "8-8-2" , "valid", 3.5
545 , "SRT" , "8-8-2" , "neutral", 3.5
545 , "SRT" , "8-8-2" , "invalid", 3.5
546 , "SRT" , "8-8-2" , "valid", 4.75
546 , "SRT" , "8-8-2" , "neutral", 6.0
546 , "SRT" , "8-8-2" , "invalid", 7.25
547 , "SRT" , "8-8-2" , "valid", 2.5
547 , "SRT" , "8-8-2" , "neutral", 1.5
547 , "SRT" , "8-8-2" , "invalid", 3.0
548 , "SRT" , "8-8-2" , "valid", 5.0
548 , "SRT" , "8-8-2" , "neutral", 5.5
548 , "SRT" , "8-8-2" , "invalid", 5.5
549 , "SRT" , "8-8-2" , "valid", 5.0
549 , "SRT" , "8-8-2" , "neutral", 10.0
549 , "SRT" , "8-8-2" , "invalid", 3.0
550 , "SRT" , "8-8-2" , "valid", 5.0
550 , "SRT" , "8-8-2" , "neutral", 4.0
550 , "SRT" , "8-8-2" , "invalid", 4.5
551 , "SRT" , "8-8-2" , "valid", 4.5
551 , "SRT" , "8-8-2" , "neutral", 3.5
551 , "SRT" , "8-8-2" , "invalid", 5.0
552 , "SRT" , "8-8-2" , "valid", 2.0
552 , "SRT" , "8-8-2" , "neutral", 1.5
552 , "SRT" , "8-8-2" , "invalid", 2.0
553 , "SRT" , "8-8-2" , "valid", 5.0
553 , "SRT" , "8-8-2" , "neutral", 5.0
553 , "SRT" , "8-8-2" , "invalid", 5.5
554 , "SRT" , "8-8-2" , "valid", 4.0
554 , "SRT" , "8-8-2" , "neutral", 3.5
554 , "SRT" , "8-8-2" , "invalid", 4.0
555 , "SRT" , "8-8-2" , "valid", 7.0
555 , "SRT" , "8-8-2" , "neutral", 7.0
555 , "SRT" , "8-8-2" , "invalid", 7.5
556 , "SRT" , "8-8-2" , "valid", 2.5
556 , "SRT" , "8-8-2" , "neutral", 3.25
556 , "SRT" , "8-8-2" , "invalid", 3.0
557 , "SRT" , "8-8-2" , "valid", 2.0
557 , "SRT" , "8-8-2" , "neutral", 1.5
557 , "SRT" , "8-8-2" , "invalid", 4.0
558 , "SRT" , "8-8-2" , "valid", 1.5
558 , "SRT" , "8-8-2" , "neutral", 1.5
558 , "SRT" , "8-8-2" , "invalid", 2.0
559 , "SRT" , "8-8-2" , "valid", 1.0
559 , "SRT" , "8-8-2" , "neutral", 1.0
559 , "SRT" , "8-8-2" , "invalid", 2.0
560 , "SRT" , "8-8-2" , "valid", 4.5
560 , "SRT" , "8-8-2" , "neutral", 4.0
560 , "SRT" , "8-8-2" , "invalid", 4.0
561 , "SRT" , "8-8-2" , "valid", 2.0
561 , "SRT" , "8-8-2" , "neutral", 2.0
561 , "SRT" , "8-8-2" , "invalid", 2.0
562 , "SRT" , "8-8-2" , "valid", 1.5
562 , "SRT" , "8-8-2" , "neutral", 2.5
562 , "SRT" , "8-8-2" , "invalid", 3.0
563 , "SRT" , "8-8-2" , "valid", 7.0
563 , "SRT" , "8-8-2" , "neutral", 5.0
563 , "SRT" , "8-8-2" , "invalid", 7.25
564 , "SRT" , "8-8-2" , "valid", 4.0
564 , "SRT" , "8-8-2" , "neutral", 3.5
564 , "SRT" , "8-8-2" , "invalid", 4.5
565 , "SRT" , "8-8-2" , "valid", 5.5
565 , "SRT" , "8-8-2" , "neutral", 5.0
565 , "SRT" , "8-8-2" , "invalid", 5.5
566 , "SRT" , "8-8-2" , "valid", 6.0
566 , "SRT" , "8-8-2" , "neutral", 4.75
566 , "SRT" , "8-8-2" , "invalid", 7.0
567 , "SRT" , "8-8-2" , "valid", 2.5
567 , "SRT" , "8-8-2" , "neutral", 2.0
567 , "SRT" , "8-8-2" , "invalid", 2.0
568 , "SRT" , "8-8-2" , "valid", 1.0
568 , "SRT" , "8-8-2" , "neutral", 1.5
568 , "SRT" , "8-8-2" , "invalid", 1.5
569 , "SRT" , "8-8-2" , "valid", 2.0
569 , "SRT" , "8-8-2" , "neutral", 2.5
569 , "SRT" , "8-8-2" , "invalid", 2.5
570 , "SRT" , "8-8-2" , "valid", 2.5
570 , "SRT" , "8-8-2" , "neutral", 2.0
570 , "SRT" , "8-8-2" , "invalid", 2.0
571 , "SRT" , "8-8-2" , "valid", 3.5
571 , "SRT" , "8-8-2" , "neutral", 3.5
571 , "SRT" , "8-8-2" , "invalid", 4.5
572 , "SRT" , "8-8-2" , "valid", 3.0
572 , "SRT" , "8-8-2" , "neutral", 3.0
572 , "SRT" , "8-8-2" , "invalid", 5.5
573 , "SRT" , "8-8-2" , "valid", 5.0
573 , "SRT" , "8-8-2" , "neutral", 6.5
573 , "SRT" , "8-8-2" , "invalid", 6.0
574 , "SRT" , "8-8-2" , "valid", 2.0
574 , "SRT" , "8-8-2" , "neutral", 2.5
574 , "SRT" , "8-8-2" , "invalid", 2.0
575 , "SRT" , "8-8-2" , "valid", 3.5
575 , "SRT" , "8-8-2" , "neutral", 4.0
575 , "SRT" , "8-8-2" , "invalid", 4.5
576 , "SRT" , "8-8-2" , "valid", 2.0
576 , "SRT" , "8-8-2" , "neutral", 3.0
576 , "SRT" , "8-8-2" , "invalid", 3.0
577 , "SRT" , "8-8-2" , "valid", 3.0
577 , "SRT" , "8-8-2" , "neutral", 2.5
577 , "SRT" , "8-8-2" , "invalid", 3.5
578 , "SRT" , "8-8-2" , "valid", 3.0
578 , "SRT" , "8-8-2" , "neutral", 3.5
578 , "SRT" , "8-8-2" , "invalid", 3.0
579 , "SRT" , "8-8-2" , "valid", 2.0
579 , "SRT" , "8-8-2" , "neutral", 2.0
579 , "SRT" , "8-8-2" , "invalid", 3.5
580 , "SRT" , "8-8-2" , "valid", 4.0
580 , "SRT" , "8-8-2" , "neutral", 3.0
580 , "SRT" , "8-8-2" , "invalid", 4.25
581 , "SRT" , "8-8-2" , "valid", 3.0
581 , "SRT" , "8-8-2" , "neutral", 3.0
581 , "SRT" , "8-8-2" , "invalid", 3.5
582 , "SRT" , "8-8-2" , "valid", 4.5
582 , "SRT" , "8-8-2" , "neutral", 2.0
582 , "SRT" , "8-8-2" , "invalid", 3.0
583 , "SRT" , "8-8-2" , "valid", 2.5
583 , "SRT" , "8-8-2" , "neutral", 2.5
583 , "SRT" , "8-8-2" , "invalid", 2.5
584 , "SRT" , "8-8-2" , "valid", 4.25
584 , "SRT" , "8-8-2" , "neutral", 3.0
584 , "SRT" , "8-8-2" , "invalid", 3.5
585 , "SRT" , "8-8-2" , "valid", 1.5
585 , "SRT" , "8-8-2" , "neutral", 4.0
585 , "SRT" , "8-8-2" , "invalid", 1.5
586 , "SRT" , "8-8-2" , "valid", 2.0
586 , "SRT" , "8-8-2" , "neutral", 2.0
586 , "SRT" , "8-8-2" , "invalid", 2.5
587 , "SRT" , "8-8-2" , "valid", 5.0
587 , "SRT" , "8-8-2" , "neutral", 4.0
587 , "SRT" , "8-8-2" , "invalid", 6.0
588 , "SRT" , "8-8-2" , "valid", 2.0
588 , "SRT" , "8-8-2" , "neutral", 1.5
588 , "SRT" , "8-8-2" , "invalid", 2.75
589 , "SRT" , "8-8-2" , "valid", 5.0
589 , "SRT" , "8-8-2" , "neutral", 4.0
589 , "SRT" , "8-8-2" , "invalid", 6.0
590 , "SRT" , "8-8-2" , "valid", 2.0
590 , "SRT" , "8-8-2" , "neutral", 2.5
590 , "SRT" , "8-8-2" , "invalid", 3.0
591 , "SRT" , "8-8-2" , "valid", 2.0
591 , "SRT" , "8-8-2" , "neutral", 1.5
591 , "SRT" , "8-8-2" , "invalid", 2.0
592 , "SRT" , "8-8-2" , "valid", 2.0
592 , "SRT" , "8-8-2" , "neutral", 4.0
592 , "SRT" , "8-8-2" , "invalid", 3.5
593 , "SRT" , "8-8-2" , "valid", 2.5
593 , "SRT" , "8-8-2" , "neutral", 1.5
593 , "SRT" , "8-8-2" , "invalid", 3.5
594 , "SRT" , "8-8-2" , "valid", 1.5
594 , "SRT" , "8-8-2" , "neutral", 1.5
594 , "SRT" , "8-8-2" , "invalid", 1.5
595 , "SRT" , "8-8-2" , "valid", 2.0
595 , "SRT" , "8-8-2" , "neutral", 3.0
595 , "SRT" , "8-8-2" , "invalid", 4.0
596 , "SRT" , "8-8-2" , "valid", 1.0
596 , "SRT" , "8-8-2" , "neutral", 1.0
596 , "SRT" , "8-8-2" , "invalid", 1.0
597 , "SRT" , "8-8-2" , "valid", 2.0
597 , "SRT" , "8-8-2" , "neutral", 3.0
597 , "SRT" , "8-8-2" , "invalid", 2.0
598 , "SRT" , "8-8-2" , "valid", 2.0
598 , "SRT" , "8-8-2" , "neutral", 1.5
598 , "SRT" , "8-8-2" , "invalid", 1.5
599 , "SRT" , "8-8-2" , "valid", 1.5
599 , "SRT" , "8-8-2" , "neutral", 2.0
599 , "SRT" , "8-8-2" , "invalid", 2.0
600 , "SRT" , "8-8-2" , "valid", 3.0
600 , "SRT" , "8-8-2" , "neutral", 2.5
600 , "SRT" , "8-8-2" , "invalid", 3.0
601 , "CRT" , "8-8-2" , "valid", 1.0
601 , "CRT" , "8-8-2" , "neutral", 3.0
601 , "CRT" , "8-8-2" , "invalid", 2.0
602 , "CRT" , "8-8-2" , "valid", 2.0
602 , "CRT" , "8-8-2" , "neutral", 2.0
602 , "CRT" , "8-8-2" , "invalid", 3.5
603 , "CRT" , "8-8-2" , "valid", 5.0
603 , "CRT" , "8-8-2" , "neutral", 5.0
603 , "CRT" , "8-8-2" , "invalid", 5.5
604 , "CRT" , "8-8-2" , "valid", 2.0
604 , "CRT" , "8-8-2" , "neutral", 3.0
604 , "CRT" , "8-8-2" , "invalid", 3.5
605 , "CRT" , "8-8-2" , "valid", 2.0
605 , "CRT" , "8-8-2" , "neutral", 3.0
605 , "CRT" , "8-8-2" , "invalid", 2.0
606 , "CRT" , "8-8-2" , "valid", 3.5
606 , "CRT" , "8-8-2" , "neutral", 3.5
606 , "CRT" , "8-8-2" , "invalid", 6.5
607 , "CRT" , "8-8-2" , "valid", 4.0
607 , "CRT" , "8-8-2" , "neutral", 2.5
607 , "CRT" , "8-8-2" , "invalid", 4.0
608 , "CRT" , "8-8-2" , "valid", 3.0
608 , "CRT" , "8-8-2" , "neutral", 4.0
608 , "CRT" , "8-8-2" , "invalid", 5.0
609 , "CRT" , "8-8-2" , "valid", 2.0
609 , "CRT" , "8-8-2" , "neutral", 1.0
609 , "CRT" , "8-8-2" , "invalid", 3.5
610 , "CRT" , "8-8-2" , "valid", 1.5
610 , "CRT" , "8-8-2" , "neutral", 2.5
610 , "CRT" , "8-8-2" , "invalid", 3.0
611 , "CRT" , "8-8-2" , "valid", 2.0
611 , "CRT" , "8-8-2" , "neutral", 5.0
611 , "CRT" , "8-8-2" , "invalid", 5.5
612 , "CRT" , "8-8-2" , "valid", 1.5
612 , "CRT" , "8-8-2" , "neutral", 1.5
612 , "CRT" , "8-8-2" , "invalid", 2.0
613 , "CRT" , "8-8-2" , "valid", 1.5
613 , "CRT" , "8-8-2" , "neutral", 4.0
613 , "CRT" , "8-8-2" , "invalid", 5.25
614 , "CRT" , "8-8-2" , "valid", 2.0
614 , "CRT" , "8-8-2" , "neutral", 2.0
614 , "CRT" , "8-8-2" , "invalid", 5.0
615 , "CRT" , "8-8-2" , "valid", 2.5
615 , "CRT" , "8-8-2" , "neutral", 2.5
615 , "CRT" , "8-8-2" , "invalid", 2.5
616 , "CRT" , "8-8-2" , "valid", 2.5
616 , "CRT" , "8-8-2" , "neutral", 3.0
616 , "CRT" , "8-8-2" , "invalid", 2.0
617 , "CRT" , "8-8-2" , "valid", 1.5
617 , "CRT" , "8-8-2" , "neutral", 1.5
617 , "CRT" , "8-8-2" , "invalid", 1.5
618 , "CRT" , "8-8-2" , "valid", 7.0
618 , "CRT" , "8-8-2" , "neutral", 5.5
618 , "CRT" , "8-8-2" , "invalid", 13.5
619 , "CRT" , "8-8-2" , "valid", 4.0
619 , "CRT" , "8-8-2" , "neutral", 5.5
619 , "CRT" , "8-8-2" , "invalid", 7.5
620 , "CRT" , "8-8-2" , "valid", 2.5
620 , "CRT" , "8-8-2" , "neutral", 2.0
620 , "CRT" , "8-8-2" , "invalid", 7.0
621 , "CRT" , "8-8-2" , "valid", 3.0
621 , "CRT" , "8-8-2" , "neutral", 4.0
621 , "CRT" , "8-8-2" , "invalid", 6.5
622 , "CRT" , "8-8-2" , "valid", 1.5
622 , "CRT" , "8-8-2" , "neutral", 1.0
622 , "CRT" , "8-8-2" , "invalid", 1.5
623 , "CRT" , "8-8-2" , "valid", 1.0
623 , "CRT" , "8-8-2" , "neutral", 1.0
623 , "CRT" , "8-8-2" , "invalid", 1.0
624 , "CRT" , "8-8-2" , "valid", 3.5
624 , "CRT" , "8-8-2" , "neutral", 2.5
624 , "CRT" , "8-8-2" , "invalid", 6.5
625 , "CRT" , "8-8-2" , "valid", 5.0
625 , "CRT" , "8-8-2" , "neutral", 5.0
625 , "CRT" , "8-8-2" , "invalid", 6.0
626 , "CRT" , "8-8-2" , "valid", 1.5
626 , "CRT" , "8-8-2" , "neutral", 1.0
626 , "CRT" , "8-8-2" , "invalid", 1.5
627 , "CRT" , "8-8-2" , "valid", 1.5
627 , "CRT" , "8-8-2" , "neutral", 3.5
627 , "CRT" , "8-8-2" , "invalid", 7.0
628 , "CRT" , "8-8-2" , "valid", 2.75
628 , "CRT" , "8-8-2" , "neutral", 1.5
628 , "CRT" , "8-8-2" , "invalid", 4.0
629 , "CRT" , "8-8-2" , "valid", 3.0
629 , "CRT" , "8-8-2" , "neutral", 4.0
629 , "CRT" , "8-8-2" , "invalid", 4.0
630 , "CRT" , "8-8-2" , "valid", 3.0
630 , "CRT" , "8-8-2" , "neutral", 3.5
630 , "CRT" , "8-8-2" , "invalid", 4.0
631 , "CRT" , "8-8-2" , "valid", 7.0
631 , "CRT" , "8-8-2" , "neutral", 5.0
631 , "CRT" , "8-8-2" , "invalid", 6.5
632 , "CRT" , "8-8-2" , "valid", 1.5
632 , "CRT" , "8-8-2" , "neutral", 1.5
632 , "CRT" , "8-8-2" , "invalid", 1.5
633 , "CRT" , "8-8-2" , "valid", 2.0
633 , "CRT" , "8-8-2" , "neutral", 2.0
633 , "CRT" , "8-8-2" , "invalid", 3.5
634 , "CRT" , "8-8-2" , "valid", 1.0
634 , "CRT" , "8-8-2" , "neutral", 1.0
634 , "CRT" , "8-8-2" , "invalid", 1.5
635 , "CRT" , "8-8-2" , "valid", 6.0
635 , "CRT" , "8-8-2" , "neutral", 4.5
635 , "CRT" , "8-8-2" , "invalid", 5.0
636 , "CRT" , "8-8-2" , "valid", 2.0
636 , "CRT" , "8-8-2" , "neutral", 2.0
636 , "CRT" , "8-8-2" , "invalid", 3.5
637 , "CRT" , "8-8-2" , "valid", 1.0
637 , "CRT" , "8-8-2" , "neutral", 3.5
637 , "CRT" , "8-8-2" , "invalid", 5.0
638 , "CRT" , "8-8-2" , "valid", 2.0
638 , "CRT" , "8-8-2" , "neutral", 2.0
638 , "CRT" , "8-8-2" , "invalid", 2.5
639 , "CRT" , "8-8-2" , "valid", 1.25
639 , "CRT" , "8-8-2" , "neutral", 2.0
639 , "CRT" , "8-8-2" , "invalid", 2.5
640 , "CRT" , "8-8-2" , "valid", 6.0
640 , "CRT" , "8-8-2" , "neutral", 3.5
640 , "CRT" , "8-8-2" , "invalid", 4.75
641 , "CRT" , "8-8-2" , "valid", 2.0
641 , "CRT" , "8-8-2" , "neutral", 4.0
641 , "CRT" , "8-8-2" , "invalid", 5.0
642 , "CRT" , "8-8-2" , "valid", 1.0
642 , "CRT" , "8-8-2" , "neutral", 1.0
642 , "CRT" , "8-8-2" , "invalid", 1.0
643 , "CRT" , "8-8-2" , "valid", 1.0
643 , "CRT" , "8-8-2" , "neutral", 2.0
643 , "CRT" , "8-8-2" , "invalid", 1.0
644 , "CRT" , "8-8-2" , "valid", 5.0
644 , "CRT" , "8-8-2" , "neutral", 5.75
644 , "CRT" , "8-8-2" , "invalid", 5.0
645 , "CRT" , "8-8-2" , "valid", 2.0
645 , "CRT" , "8-8-2" , "neutral", 2.0
645 , "CRT" , "8-8-2" , "invalid", 2.5
646 , "CRT" , "8-8-2" , "valid", 1.5
646 , "CRT" , "8-8-2" , "neutral", 1.0
646 , "CRT" , "8-8-2" , "invalid", 4.5
647 , "CRT" , "8-8-2" , "valid", 2.0
647 , "CRT" , "8-8-2" , "neutral", 2.0
647 , "CRT" , "8-8-2" , "invalid", 2.25
648 , "CRT" , "8-8-2" , "valid", 2.0
648 , "CRT" , "8-8-2" , "neutral", 5.0
648 , "CRT" , "8-8-2" , "invalid", 4.5
649 , "CRT" , "8-8-2" , "valid", 2.0
649 , "CRT" , "8-8-2" , "neutral", 1.0
649 , "CRT" , "8-8-2" , "invalid", 2.0
650 , "CRT" , "8-8-2" , "valid", 3.0
650 , "CRT" , "8-8-2" , "neutral", 2.0
650 , "CRT" , "8-8-2" , "invalid", 5.0
651 , "CRT" , "8-8-2" , "valid", 2.0
651 , "CRT" , "8-8-2" , "neutral", 2.5
651 , "CRT" , "8-8-2" , "invalid", 2.5
652 , "CRT" , "8-8-2" , "valid", 2.0
652 , "CRT" , "8-8-2" , "neutral", 1.5
652 , "CRT" , "8-8-2" , "invalid", 4.5
653 , "CRT" , "8-8-2" , "valid", 2.5
653 , "CRT" , "8-8-2" , "neutral", 2.0
653 , "CRT" , "8-8-2" , "invalid", 2.5
654 , "CRT" , "8-8-2" , "valid", 1.5
654 , "CRT" , "8-8-2" , "neutral", 1.5
654 , "CRT" , "8-8-2" , "invalid", 1.5
655 , "CRT" , "8-8-2" , "valid", 3.5
655 , "CRT" , "8-8-2" , "neutral", 4.0
655 , "CRT" , "8-8-2" , "invalid", 5.0
656 , "CRT" , "8-8-2" , "valid", 2.0
656 , "CRT" , "8-8-2" , "neutral", 2.0
656 , "CRT" , "8-8-2" , "invalid", 3.0
657 , "CRT" , "8-8-2" , "valid", 1.5
657 , "CRT" , "8-8-2" , "neutral", 1.5
657 , "CRT" , "8-8-2" , "invalid", 3.0
658 , "CRT" , "8-8-2" , "valid", 1.0
658 , "CRT" , "8-8-2" , "neutral", 1.5
658 , "CRT" , "8-8-2" , "invalid", 2.0
659 , "CRT" , "8-8-2" , "valid", 1.0
659 , "CRT" , "8-8-2" , "neutral", 1.0
659 , "CRT" , "8-8-2" , "invalid", 3.0
660 , "CRT" , "8-8-2" , "valid", 1.0
660 , "CRT" , "8-8-2" , "neutral", 1.0
660 , "CRT" , "8-8-2" , "invalid", 1.0
661 , "CRT" , "8-8-2" , "valid", 2.5
661 , "CRT" , "8-8-2" , "neutral", 2.5
661 , "CRT" , "8-8-2" , "invalid", 2.5
662 , "CRT" , "8-8-2" , "valid", 1.0
662 , "CRT" , "8-8-2" , "neutral", 1.0
662 , "CRT" , "8-8-2" , "invalid", 1.0
663 , "CRT" , "8-8-2" , "valid", 1.0
663 , "CRT" , "8-8-2" , "neutral", 1.0
663 , "CRT" , "8-8-2" , "invalid", 1.0
664 , "CRT" , "8-8-2" , "valid", 2.5
664 , "CRT" , "8-8-2" , "neutral", 1.5
664 , "CRT" , "8-8-2" , "invalid", 2.5
665 , "CRT" , "8-8-2" , "valid", 2.0
665 , "CRT" , "8-8-2" , "neutral", 2.0
665 , "CRT" , "8-8-2" , "invalid", 10.75
666 , "CRT" , "8-8-2" , "valid", 6
666 , "CRT" , "8-8-2" , "neutral", 5.0
666 , "CRT" , "8-8-2" , "invalid", 4.0
667 , "CRT" , "8-8-2" , "valid", 7.0
667 , "CRT" , "8-8-2" , "neutral", 2.5
667 , "CRT" , "8-8-2" , "invalid", 7.0
668 , "CRT" , "8-8-2" , "valid", 3.0
668 , "CRT" , "8-8-2" , "neutral", 1.0
668 , "CRT" , "8-8-2" , "invalid", 4.25
669 , "CRT" , "8-8-2" , "valid", 3.0
669 , "CRT" , "8-8-2" , "neutral", 1.0
669 , "CRT" , "8-8-2" , "invalid", 1.5
670 , "CRT" , "8-8-2" , "valid", 4.5
670 , "CRT" , "8-8-2" , "neutral", 3.25
670 , "CRT" , "8-8-2" , "invalid", 3.0
671 , "CRT" , "8-8-2" , "valid", 3.5
671 , "CRT" , "8-8-2" , "neutral", 3.0
671 , "CRT" , "8-8-2" , "invalid", 5.5
672 , "CRT" , "8-8-2" , "valid", 1.0
672 , "CRT" , "8-8-2" , "neutral", 1.0
672 , "CRT" , "8-8-2" , "invalid", 1.0
673 , "CRT" , "8-8-2" , "valid", 3.5
673 , "CRT" , "8-8-2" , "neutral", 4.0
673 , "CRT" , "8-8-2" , "invalid", 3.0
674 , "CRT" , "8-8-2" , "valid", 1.0
674 , "CRT" , "8-8-2" , "neutral", 1.5
674 , "CRT" , "8-8-2" , "invalid", 1.5
675 , "CRT" , "8-8-2" , "valid", 4.25
675 , "CRT" , "8-8-2" , "neutral", 2.0
675 , "CRT" , "8-8-2" , "invalid", 6.0
676 , "CRT" , "8-8-2" , "valid", 5.5
676 , "CRT" , "8-8-2" , "neutral", 5.5
676 , "CRT" , "8-8-2" , "invalid", 6.0
677 , "CRT" , "8-8-2" , "valid", 1.0
677 , "CRT" , "8-8-2" , "neutral", 1.0
677 , "CRT" , "8-8-2" , "invalid", 1.0
678 , "CRT" , "8-8-2" , "valid", 6.0
678 , "CRT" , "8-8-2" , "neutral", 5.5
678 , "CRT" , "8-8-2" , "invalid", 7.0
679 , "CRT" , "8-8-2" , "valid", 1.5
679 , "CRT" , "8-8-2" , "neutral", 2.0
679 , "CRT" , "8-8-2" , "invalid", 7.0
680 , "CRT" , "8-8-2" , "valid", 1.0
680 , "CRT" , "8-8-2" , "neutral", 1.0
680 , "CRT" , "8-8-2" , "invalid", 1.0
681 , "CRT" , "8-8-2" , "valid", 4.0
681 , "CRT" , "8-8-2" , "neutral", 9.0
681 , "CRT" , "8-8-2" , "invalid", 8.5
682 , "CRT" , "8-8-2" , "valid", 5.0
682 , "CRT" , "8-8-2" , "neutral", 5.5
682 , "CRT" , "8-8-2" , "invalid", 6.0
683 , "CRT" , "8-8-2" , "valid", 2.5
683 , "CRT" , "8-8-2" , "neutral", 3.0
683 , "CRT" , "8-8-2" , "invalid", 6.0
684 , "CRT" , "8-8-2" , "valid", 2.0
684 , "CRT" , "8-8-2" , "neutral", 1.0
684 , "CRT" , "8-8-2" , "invalid", 2.5
685 , "CRT" , "8-8-2" , "valid", 1.5
685 , "CRT" , "8-8-2" , "neutral", 2.0
685 , "CRT" , "8-8-2" , "invalid", 2.0
686 , "CRT" , "8-8-2" , "valid", 1.0
686 , "CRT" , "8-8-2" , "neutral", 1.0
686 , "CRT" , "8-8-2" , "invalid", 3.0
687 , "CRT" , "8-8-2" , "valid", 5.0
687 , "CRT" , "8-8-2" , "neutral", 6.5
687 , "CRT" , "8-8-2" , "invalid", 5.75
688 , "CRT" , "8-8-2" , "valid", 2.5
688 , "CRT" , "8-8-2" , "neutral", 2.5
688 , "CRT" , "8-8-2" , "invalid", 4.5
689 , "CRT" , "8-8-2" , "valid", 3.0
689 , "CRT" , "8-8-2" , "neutral", 3.0
689 , "CRT" , "8-8-2" , "invalid", 5.5
690 , "CRT" , "8-8-2" , "valid", 2.0
690 , "CRT" , "8-8-2" , "neutral", 2.5
690 , "CRT" , "8-8-2" , "invalid", 3.0
691 , "CRT" , "8-8-2" , "valid", 3.0
691 , "CRT" , "8-8-2" , "neutral", 2.5
691 , "CRT" , "8-8-2" , "invalid", 5.0
692 , "CRT" , "8-8-2" , "valid", 2.0
692 , "CRT" , "8-8-2" , "neutral", 2.75
692 , "CRT" , "8-8-2" , "invalid", 7.5
693 , "CRT" , "8-8-2" , "valid", 4.0
693 , "CRT" , "8-8-2" , "neutral", 2.0
693 , "CRT" , "8-8-2" , "invalid", 4.5
694 , "CRT" , "8-8-2" , "valid", 3.0
694 , "CRT" , "8-8-2" , "neutral", 3.0
694 , "CRT" , "8-8-2" , "invalid", 3.25
695 , "CRT" , "8-8-2" , "valid", 3.0
695 , "CRT" , "8-8-2" , "neutral", 3.0
695 , "CRT" , "8-8-2" , "invalid", 6.0
696 , "CRT" , "8-8-2" , "valid", 3.0
696 , "CRT" , "8-8-2" , "neutral", 3.0
696 , "CRT" , "8-8-2" , "invalid", 5.0
697 , "CRT" , "8-8-2" , "valid", 3.5
697 , "CRT" , "8-8-2" , "neutral", 2.0
697 , "CRT" , "8-8-2" , "invalid", 6.5
698 , "CRT" , "8-8-2" , "valid", 2.5
698 , "CRT" , "8-8-2" , "neutral", 2.5
698 , "CRT" , "8-8-2" , "invalid", 5.0
699 , "CRT" , "8-8-2" , "valid", 1.0
699 , "CRT" , "8-8-2" , "neutral", 1.0
699 , "CRT" , "8-8-2" , "invalid", 4.5
700 , "CRT" , "8-8-2" , "valid", 1.5
700 , "CRT" , "8-8-2" , "neutral", 2.0
700 , "CRT" , "8-8-2" , "invalid", 3.5
701 , "CRT" , "8-8-2" , "valid", 2.0
701 , "CRT" , "8-8-2" , "neutral", 1.25
701 , "CRT" , "8-8-2" , "invalid", 4.0
702 , "CRT" , "8-8-2" , "valid", 6.25
702 , "CRT" , "8-8-2" , "neutral", 6.0
702 , "CRT" , "8-8-2" , "invalid", 9.0
703 , "CRT" , "8-8-2" , "valid", 1.5
703 , "CRT" , "8-8-2" , "neutral", 1.0
703 , "CRT" , "8-8-2" , "invalid", 1.0
704 , "CRT" , "8-8-2" , "valid", 3.0
704 , "CRT" , "8-8-2" , "neutral", 3.0
704 , "CRT" , "8-8-2" , "invalid", 5.0
705 , "CRT" , "8-8-2" , "valid", 1.0
705 , "CRT" , "8-8-2" , "neutral", 1.0
705 , "CRT" , "8-8-2" , "invalid", 2.5
706 , "CRT" , "8-8-2" , "valid", 1.0
706 , "CRT" , "8-8-2" , "neutral", 2.0
706 , "CRT" , "8-8-2" , "invalid", 4.5
707 , "CRT" , "8-8-2" , "valid", 1.0
707 , "CRT" , "8-8-2" , "neutral", 1.5
707 , "CRT" , "8-8-2" , "invalid", 3.0
708 , "CRT" , "8-8-2" , "valid", 2.0
708 , "CRT" , "8-8-2" , "neutral", 2.5
708 , "CRT" , "8-8-2" , "invalid", 2.5
709 , "CRT" , "8-8-2" , "valid", 1.25
709 , "CRT" , "8-8-2" , "neutral", 1.5
709 , "CRT" , "8-8-2" , "invalid", 2.0
710 , "CRT" , "8-8-2" , "valid", 3.5
710 , "CRT" , "8-8-2" , "neutral", 3.5
710 , "CRT" , "8-8-2" , "invalid", 8.0
711 , "CRT" , "8-8-2" , "valid", 1.0
711 , "CRT" , "8-8-2" , "neutral", 1.0
711 , "CRT" , "8-8-2" , "invalid", 1.0
712 , "CRT" , "8-8-2" , "valid", 2.5
712 , "CRT" , "8-8-2" , "neutral", 5.0
712 , "CRT" , "8-8-2" , "invalid", 5.5
713 , "CRT" , "8-8-2" , "valid", 1.0
713 , "CRT" , "8-8-2" , "neutral", 1.0
713 , "CRT" , "8-8-2" , "invalid", 1.0
714 , "CRT" , "8-8-2" , "valid", 3.0
714 , "CRT" , "8-8-2" , "neutral", 2.5
714 , "CRT" , "8-8-2" , "invalid", 5.0
715 , "CRT" , "8-8-2" , "valid", 1.0
715 , "CRT" , "8-8-2" , "neutral", 1.0
715 , "CRT" , "8-8-2" , "invalid", 2.0
716 , "CRT" , "8-8-2" , "valid", 2.0
716 , "CRT" , "8-8-2" , "neutral", 6.0
716 , "CRT" , "8-8-2" , "invalid", 3.25
717 , "CRT" , "8-8-2" , "valid", 1.0
717 , "CRT" , "8-8-2" , "neutral", 1.5
717 , "CRT" , "8-8-2" , "invalid", 1.25
718 , "CRT" , "8-8-2" , "valid", 1.0
718 , "CRT" , "8-8-2" , "neutral", 1.0
718 , "CRT" , "8-8-2" , "invalid", 1.0
719 , "CRT" , "8-8-2" , "valid", 3.0
719 , "CRT" , "8-8-2" , "neutral", 3.0
719 , "CRT" , "8-8-2" , "invalid", 3.0
720 , "CRT" , "8-8-2" , "valid", 3.5
720 , "CRT" , "8-8-2" , "neutral", 4.0
720 , "CRT" , "8-8-2" , "invalid", 4.0
721 , "CRT" , "8-8-2" , "valid", 2.0
721 , "CRT" , "8-8-2" , "neutral", 3.0
721 , "CRT" , "8-8-2" , "invalid", 2.5
722 , "CRT" , "8-8-2" , "valid", 2.0
722 , "CRT" , "8-8-2" , "neutral", 2.5
722 , "CRT" , "8-8-2" , "invalid", 6.0
723 , "CRT" , "8-8-2" , "valid", 1.0
723 , "CRT" , "8-8-2" , "neutral", 1.5
723 , "CRT" , "8-8-2" , "invalid", 1.0
724 , "CRT" , "8-8-2" , "valid", 5.5
724 , "CRT" , "8-8-2" , "neutral", 3.5
724 , "CRT" , "8-8-2" , "invalid", 5.0
725 , "CRT" , "8-8-2" , "valid", 2.0
725 , "CRT" , "8-8-2" , "neutral", 2.0
725 , "CRT" , "8-8-2" , "invalid", 4.0
726 , "CRT" , "8-8-2" , "valid", 1.0
726 , "CRT" , "8-8-2" , "neutral", 1.0
726 , "CRT" , "8-8-2" , "invalid", 3.0
727 , "CRT" , "8-8-2" , "valid", 2.0
727 , "CRT" , "8-8-2" , "neutral", 2.0
727 , "CRT" , "8-8-2" , "invalid", 3.5
728 , "CRT" , "8-8-2" , "valid", 2.0
728 , "CRT" , "8-8-2" , "neutral", 1.5
728 , "CRT" , "8-8-2" , "invalid", 6.0
729 , "CRT" , "8-8-2" , "valid", 4.0
729 , "CRT" , "8-8-2" , "neutral", 6.5
729 , "CRT" , "8-8-2" , "invalid", 8.0
730 , "CRT" , "8-8-2" , "valid", 2.0
730 , "CRT" , "8-8-2" , "neutral", 4.5
730 , "CRT" , "8-8-2" , "invalid", 7.0
731 , "CRT" , "8-8-2" , "valid", 4.0
731 , "CRT" , "8-8-2" , "neutral", 1.0
731 , "CRT" , "8-8-2" , "invalid", 3.5
732 , "CRT" , "8-8-2" , "valid", 1.0
732 , "CRT" , "8-8-2" , "neutral", 1.0
732 , "CRT" , "8-8-2" , "invalid", 3.5
733 , "CRT" , "8-8-2" , "valid", 4.0
733 , "CRT" , "8-8-2" , "neutral", 5.5
733 , "CRT" , "8-8-2" , "invalid", 10.5
734 , "CRT" , "8-8-2" , "valid", 2.0
734 , "CRT" , "8-8-2" , "neutral", 1.5
734 , "CRT" , "8-8-2" , "invalid", 2.0
735 , "CRT" , "8-8-2" , "valid", 2.0
735 , "CRT" , "8-8-2" , "neutral", 4.0
735 , "CRT" , "8-8-2" , "invalid", 2.5
736 , "CRT" , "8-8-2" , "valid", 2.0
736 , "CRT" , "8-8-2" , "neutral", 1.5
736 , "CRT" , "8-8-2" , "invalid", 2.0
737 , "CRT" , "8-8-2" , "valid", 2.0
737 , "CRT" , "8-8-2" , "neutral", 1.5
737 , "CRT" , "8-8-2" , "invalid", 3.0
738 , "CRT" , "8-8-2" , "valid", 4.0
738 , "CRT" , "8-8-2" , "neutral", 3.25
738 , "CRT" , "8-8-2" , "invalid", 5.0
739 , "CRT" , "8-8-2" , "valid", 1.0
739 , "CRT" , "8-8-2" , "neutral", 1.0
739 , "CRT" , "8-8-2" , "invalid", 1.0
740 , "CRT" , "8-8-2" , "valid", 1.75
740 , "CRT" , "8-8-2" , "neutral", 1.5
740 , "CRT" , "8-8-2" , "invalid", 2.0
741 , "CRT" , "8-8-2" , "valid", 1.5
741 , "CRT" , "8-8-2" , "neutral", 1.0
741 , "CRT" , "8-8-2" , "invalid", 4.0
742 , "CRT" , "8-8-2" , "valid", 8.0
742 , "CRT" , "8-8-2" , "neutral", 6.0
742 , "CRT" , "8-8-2" , "invalid", 19.5
743 , "CRT" , "8-8-2" , "valid", 3.0
743 , "CRT" , "8-8-2" , "neutral", 8.0
743 , "CRT" , "8-8-2" , "invalid", 6.0
744 , "CRT" , "8-8-2" , "valid", 7.0
744 , "CRT" , "8-8-2" , "neutral", 2.0
744 , "CRT" , "8-8-2" , "invalid", 7.5
745 , "CRT" , "8-8-2" , "valid", 1.5
745 , "CRT" , "8-8-2" , "neutral", 3.0
745 , "CRT" , "8-8-2" , "invalid", 2.0
746 , "CRT" , "8-8-2" , "valid", 1.0
746 , "CRT" , "8-8-2" , "neutral", 1.0
746 , "CRT" , "8-8-2" , "invalid", 1.0
747 , "CRT" , "8-8-2" , "valid", 1.0
747 , "CRT" , "8-8-2" , "neutral", 1.0
747 , "CRT" , "8-8-2" , "invalid", 3.5
748 , "CRT" , "8-8-2" , "valid", 3.0
748 , "CRT" , "8-8-2" , "neutral", 2.0
748 , "CRT" , "8-8-2" , "invalid", 3.5
749 , "CRT" , "8-8-2" , "valid", 3.0
749 , "CRT" , "8-8-2" , "neutral", 4.5
749 , "CRT" , "8-8-2" , "invalid", 5.0
750 , "CRT" , "8-8-2" , "valid", 1.0
750 , "CRT" , "8-8-2" , "neutral", 1.0
750 , "CRT" , "8-8-2" , "invalid", 1.0
751 , "CRT" , "8-8-2" , "valid", 2.5
751 , "CRT" , "8-8-2" , "neutral", 2.25
751 , "CRT" , "8-8-2" , "invalid", 1.5
752 , "CRT" , "8-8-2" , "valid", 2.0
752 , "CRT" , "8-8-2" , "neutral", 1.5
752 , "CRT" , "8-8-2" , "invalid", 2.0
753 , "CRT" , "8-8-2" , "valid", 6.0
753 , "CRT" , "8-8-2" , "neutral", 6.0
753 , "CRT" , "8-8-2" , "invalid", 9.5
754 , "CRT" , "8-8-2" , "valid", 3.0
754 , "CRT" , "8-8-2" , "neutral", 1.0
754 , "CRT" , "8-8-2" , "invalid", 5.5
755 , "CRT" , "8-8-2" , "valid", 1.5
755 , "CRT" , "8-8-2" , "neutral", 1.0
755 , "CRT" , "8-8-2" , "invalid", 1.5
756 , "CRT" , "8-8-2" , "valid", 1.5
756 , "CRT" , "8-8-2" , "neutral", 3
756 , "CRT" , "8-8-2" , "invalid", 4.0
757 , "CRT" , "8-8-2" , "valid", 3.0
757 , "CRT" , "8-8-2" , "neutral", 6.5
757 , "CRT" , "8-8-2" , "invalid", 12.0
758 , "CRT" , "8-8-2" , "valid", 4.0
758 , "CRT" , "8-8-2" , "neutral", 4.0
758 , "CRT" , "8-8-2" , "invalid", 4.5
759 , "CRT" , "8-8-2" , "valid", 1.5
759 , "CRT" , "8-8-2" , "neutral", 2.0
759 , "CRT" , "8-8-2" , "invalid", 5.5
760 , "CRT" , "8-8-2" , "valid", 1.5
760 , "CRT" , "8-8-2" , "neutral", 1.5
760 , "CRT" , "8-8-2" , "invalid", 8.5
761 , "CRT" , "8-8-2" , "valid", 2.0
761 , "CRT" , "8-8-2" , "neutral", 2.0
761 , "CRT" , "8-8-2" , "invalid", 2.0
762 , "CRT" , "8-8-2" , "valid", 6.5
762 , "CRT" , "8-8-2" , "neutral", 3.5
762 , "CRT" , "8-8-2" , "invalid", 5.5
763 , "CRT" , "8-8-2" , "valid", 5.0
763 , "CRT" , "8-8-2" , "neutral", 6
763 , "CRT" , "8-8-2" , "invalid", 7.0
764 , "CRT" , "8-8-2" , "valid", 4.75
764 , "CRT" , "8-8-2" , "neutral", 4.5
764 , "CRT" , "8-8-2" , "invalid", 6.5
765 , "CRT" , "8-8-2" , "valid", 2.0
765 , "CRT" , "8-8-2" , "neutral", 2.0
765 , "CRT" , "8-8-2" , "invalid", 4.0
766 , "CRT" , "8-8-2" , "valid", 9.0
766 , "CRT" , "8-8-2" , "neutral", 7.0
766 , "CRT" , "8-8-2" , "invalid", 6.5
767 , "CRT" , "8-8-2" , "valid", 5.5
767 , "CRT" , "8-8-2" , "neutral", 5.0
767 , "CRT" , "8-8-2" , "invalid", 7.75
768 , "CRT" , "8-8-2" , "valid", 2.0
768 , "CRT" , "8-8-2" , "neutral", 2.5
768 , "CRT" , "8-8-2" , "invalid", 2.0
769 , "CRT" , "8-8-2" , "valid", 2.5
769 , "CRT" , "8-8-2" , "neutral", 2.0
769 , "CRT" , "8-8-2" , "invalid", 10.0
770 , "CRT" , "8-8-2" , "valid", 2.0
770 , "CRT" , "8-8-2" , "neutral", 2.0
770 , "CRT" , "8-8-2" , "invalid", 2.5
771 , "CRT" , "8-8-2" , "valid", 1.0
771 , "CRT" , "8-8-2" , "neutral", 2.0
771 , "CRT" , "8-8-2" , "invalid", 2.0
772 , "CRT" , "8-8-2" , "valid", 1.0
772 , "CRT" , "8-8-2" , "neutral", 1.0
772 , "CRT" , "8-8-2" , "invalid", 1.5
773 , "CRT" , "8-8-2" , "valid", 2.0
773 , "CRT" , "8-8-2" , "neutral", 2.0
773 , "CRT" , "8-8-2" , "invalid", 6.5
774 , "CRT" , "8-8-2" , "valid", 3.0
774 , "CRT" , "8-8-2" , "neutral", 1.0
774 , "CRT" , "8-8-2" , "invalid", 3.0
775 , "CRT" , "8-8-2" , "valid", 5.0
775 , "CRT" , "8-8-2" , "neutral", 1.0
775 , "CRT" , "8-8-2" , "invalid", 2.0
776 , "CRT" , "8-8-2" , "valid", 2.5
776 , "CRT" , "8-8-2" , "neutral", 1.5
776 , "CRT" , "8-8-2" , "invalid", 5.75
777 , "CRT" , "8-8-2" , "valid", 2.5
777 , "CRT" , "8-8-2" , "neutral", 2.0
777 , "CRT" , "8-8-2" , "invalid", 5.5
778 , "CRT" , "8-8-2" , "valid", 1.0
778 , "CRT" , "8-8-2" , "neutral", 1.0
778 , "CRT" , "8-8-2" , "invalid", 4.0
779 , "CRT" , "8-8-2" , "valid", 2.0
779 , "CRT" , "8-8-2" , "neutral", 1.5
779 , "CRT" , "8-8-2" , "invalid", 2.0
780 , "CRT" , "8-8-2" , "valid", 3.5
780 , "CRT" , "8-8-2" , "neutral", 3.0
780 , "CRT" , "8-8-2" , "invalid", 3.0
781 , "CRT" , "8-8-2" , "valid", 1.5
781 , "CRT" , "8-8-2" , "neutral", 1.0
781 , "CRT" , "8-8-2" , "invalid", 2.5
782 , "CRT" , "8-8-2" , "valid", 3.5
782 , "CRT" , "8-8-2" , "neutral", 4.25
782 , "CRT" , "8-8-2" , "invalid", 2
783 , "CRT" , "8-8-2" , "valid", 2.0
783 , "CRT" , "8-8-2" , "neutral", 2.5
783 , "CRT" , "8-8-2" , "invalid", 5.0
784 , "CRT" , "8-8-2" , "valid", 2.0
784 , "CRT" , "8-8-2" , "neutral", 2.0
784 , "CRT" , "8-8-2" , "invalid", 4.5
785 , "CRT" , "8-8-2" , "valid", 4.5
785 , "CRT" , "8-8-2" , "neutral", 1.5
785 , "CRT" , "8-8-2" , "invalid", 7.0
786 , "CRT" , "8-8-2" , "valid", 2.0
786 , "CRT" , "8-8-2" , "neutral", 3.0
786 , "CRT" , "8-8-2" , "invalid", 5.0
787 , "CRT" , "8-8-2" , "valid", 2.0
787 , "CRT" , "8-8-2" , "neutral", 3.25
787 , "CRT" , "8-8-2" , "invalid", 4.0
788 , "CRT" , "8-8-2" , "valid", 3.5
788 , "CRT" , "8-8-2" , "neutral", 4.0
788 , "CRT" , "8-8-2" , "invalid", 3.5
789 , "CRT" , "8-8-2" , "valid", 1
789 , "CRT" , "8-8-2" , "neutral", 1.5
789 , "CRT" , "8-8-2" , "invalid", 4.5
790 , "CRT" , "8-8-2" , "valid", 5.0
790 , "CRT" , "8-8-2" , "neutral", 5.5
790 , "CRT" , "8-8-2" , "invalid", 6.25
791 , "CRT" , "8-8-2" , "valid", 1.5
791 , "CRT" , "8-8-2" , "neutral", 1.5
791 , "CRT" , "8-8-2" , "invalid", 2.0
792 , "CRT" , "8-8-2" , "valid", 3.5
792 , "CRT" , "8-8-2" , "neutral", 2.0
792 , "CRT" , "8-8-2" , "invalid", 6.75
793 , "CRT" , "8-8-2" , "valid", 3.0
793 , "CRT" , "8-8-2" , "neutral", 2.5
793 , "CRT" , "8-8-2" , "invalid", 4.5
794 , "CRT" , "8-8-2" , "valid", 1.0
794 , "CRT" , "8-8-2" , "neutral", 1.0
794 , "CRT" , "8-8-2" , "invalid", 1.0
795 , "CRT" , "8-8-2" , "valid", 2.0
795 , "CRT" , "8-8-2" , "neutral", 1.0
795 , "CRT" , "8-8-2" , "invalid", 6.0
796 , "CRT" , "8-8-2" , "valid", 1.0
796 , "CRT" , "8-8-2" , "neutral", 1.0
796 , "CRT" , "8-8-2" , "invalid", 2.0
797 , "CRT" , "8-8-2" , "valid", 5.0
797 , "CRT" , "8-8-2" , "neutral", 4.5
797 , "CRT" , "8-8-2" , "invalid", 2.0
798 , "CRT" , "8-8-2" , "valid", 3.0
798 , "CRT" , "8-8-2" , "neutral", 2.5
798 , "CRT" , "8-8-2" , "invalid", 4.0
799 , "CRT" , "8-8-2" , "valid", 3.5
799 , "CRT" , "8-8-2" , "neutral", 2.5
799 , "CRT" , "8-8-2" , "invalid", 5.5
800 , "CRT" , "8-8-2" , "valid", 1.0
800 , "CRT" , "8-8-2" , "neutral", 1.5
800 , "CRT" , "8-8-2" , "invalid", 3.5